"ID","Description","GeneRatio","BgRatio","RichFactor","FoldEnrichment","zScore","pvalue","p.adjust","qvalue","geneID","Count"
"GO:0140014","mitotic nuclear division","67/802","313/21338",0.21405750798722,5.69521085465251,16.5369419537858,8.89670926731713e-32,4.43856825346452e-28,4.03536002451258e-28,"MKI67/MYBL2/CDC20/SPDL1/PLK1/ESPL1/NCAPG/CENPE/NDC80/ANLN/BUB1B/KIF23/UBE2C/DLGAP5/KIFC1/CCNB1/AURKB/NUF2/CENPF/KIF14/KIF18A/ZWINT/KIF4A/SMC4/KIF11/CDK1/BORA/TPX2/ANAPC11/KNL1/GEN1/PKMYT1/NCAPG2/TRIP13/NCAPH/NCAPH2/RCC1/CHEK1/KIF15/KIF20B/KIF2C/KIF18B/CDCA8/AURKA/PSRC1/CENPI/KLHDC8B/MAD2L1/CDCA2/SPAG5/TTK/CDT1/NCAPD2/NEK2/RACGAP1/SMC2/XRCC3/SPC25/BUB1/SKA1/CENPK/PHIP/BIRC5/IL1B/KNSTRN/SKA3/CDC25C",67
"GO:0000070","mitotic sister chromatid segregation","55/802","212/21338",0.259433962264151,6.90249611819508,17.0683263390444,8.65490658537882e-31,2.15896644772275e-27,1.96284170928407e-27,"MYBL2/CDC20/SPDL1/PLK1/ESPL1/NCAPG/CENPE/NDC80/BUB1B/KIF23/UBE2C/DLGAP5/KIFC1/CCNB1/AURKB/NUF2/CENPF/KIF14/KIF18A/ZWINT/KIF4A/SMC4/KIF11/CDK1/TPX2/ANAPC11/KNL1/GEN1/NCAPG2/TRIP13/NCAPH/NCAPH2/RCC1/KIF15/KIF2C/KIF18B/CDCA8/PSRC1/CENPI/MAD2L1/SPAG5/TTK/CDT1/NCAPD2/NEK2/RACGAP1/SMC2/XRCC3/SPC25/BUB1/SKA1/CENPK/BIRC5/KNSTRN/SKA3",55
"GO:0007059","chromosome segregation","80/802","498/21338",0.160642570281124,4.27405382127012,14.6099107658295,1.13763608789483e-28,1.8918888141691e-25,1.72002593078555e-25,"MKI67/MYBL2/CDC20/SPDL1/PLK1/ESPL1/NCAPG/CENPE/NDC80/ASPM/BUB1B/KIF23/UBE2C/DLGAP5/KIFC1/TACC3/CCNB1/AURKB/NUF2/CENPF/KIF14/KIF18A/ZWINT/KIF4A/TUBB/SMC4/HJURP/KIF11/CDK1/TPX2/ANAPC11/KNL1/GEN1/NCAPG2/TRIP13/SGO2/NCAPH/NCAPH2/RCC1/KIF15/FAM83D/KIF2C/KIF18B/CDCA8/AURKA/PSRC1/CENPI/KLHDC8B/TOP2A/MAD2L1/CDCA2/SPAG5/CCNB2/TTK/CDT1/NCAPD2/NEK2/RACGAP1/CCNE2/SMC2/XRCC3/SPC25/BUB1/CENPU/DIAPH3/STIL/SKA1/PSMC3IP/CENPK/CENPP/BIRC5/CENPM/KNSTRN/SKA3/REC8/ESCO2/BRIP1/SGO1/MAPRE3/SASS6",80
"GO:0000819","sister chromatid segregation","57/802","255/21338",0.223529411764706,5.94722018483204,15.7058360850464,3.33267989019324e-28,4.15668499304351e-25,3.77908359127438e-25,"MYBL2/CDC20/SPDL1/PLK1/ESPL1/NCAPG/CENPE/NDC80/BUB1B/KIF23/UBE2C/DLGAP5/KIFC1/TACC3/CCNB1/AURKB/NUF2/CENPF/KIF14/KIF18A/ZWINT/KIF4A/SMC4/KIF11/CDK1/TPX2/ANAPC11/KNL1/GEN1/NCAPG2/TRIP13/NCAPH/NCAPH2/RCC1/KIF15/KIF2C/KIF18B/CDCA8/PSRC1/CENPI/TOP2A/MAD2L1/SPAG5/TTK/CDT1/NCAPD2/NEK2/RACGAP1/SMC2/XRCC3/SPC25/BUB1/SKA1/CENPK/BIRC5/KNSTRN/SKA3",57
"GO:0098813","nuclear chromosome segregation","67/802","372/21338",0.18010752688172,4.79193816533934,14.5804477486295,4.34810847487807e-27,4.33854263623334e-24,3.94442093015781e-24,"MYBL2/CDC20/SPDL1/PLK1/ESPL1/NCAPG/CENPE/NDC80/ASPM/BUB1B/KIF23/UBE2C/DLGAP5/KIFC1/TACC3/CCNB1/AURKB/NUF2/CENPF/KIF14/KIF18A/ZWINT/KIF4A/SMC4/KIF11/CDK1/TPX2/ANAPC11/KNL1/GEN1/NCAPG2/TRIP13/NCAPH/NCAPH2/RCC1/KIF15/FAM83D/KIF2C/KIF18B/CDCA8/AURKA/PSRC1/CENPI/KLHDC8B/TOP2A/MAD2L1/SPAG5/CCNB2/TTK/CDT1/NCAPD2/NEK2/RACGAP1/CCNE2/SMC2/XRCC3/SPC25/BUB1/SKA1/PSMC3IP/CENPK/BIRC5/KNSTRN/SKA3/REC8/BRIP1/SGO1",67
"GO:1905818","regulation of chromosome separation","33/802","79/21338",0.417721518987342,11.1138924839799,17.7973932684156,1.80430120534647e-26,1.50027645224559e-23,1.36398840242771e-23,"CDC20/SPDL1/PLK1/ESPL1/NCAPG/NDC80/BUB1B/UBE2C/DLGAP5/CCNB1/AURKB/NUF2/CENPF/ZWINT/SMC4/ANAPC11/KNL1/GEN1/NCAPG2/TRIP13/NCAPH/NCAPH2/CDCA8/MAD2L1/TTK/NCAPD2/SMC2/XRCC3/SPC25/BUB1/SKA1/BIRC5/SKA3",33
"GO:0051304","chromosome separation","33/802","88/21338",0.375,9.97724438902743,16.6763442623482,1.17594447222014e-24,8.3811242455804e-22,7.61976651247607e-22,"CDC20/SPDL1/PLK1/ESPL1/NCAPG/NDC80/BUB1B/UBE2C/DLGAP5/CCNB1/AURKB/NUF2/CENPF/ZWINT/SMC4/ANAPC11/KNL1/GEN1/NCAPG2/TRIP13/NCAPH/NCAPH2/CDCA8/MAD2L1/TTK/NCAPD2/SMC2/XRCC3/SPC25/BUB1/SKA1/BIRC5/SKA3",33
"GO:0007088","regulation of mitotic nuclear division","38/802","128/21338",0.296875,7.89865180798005,15.4701602014964,6.05731910757965e-24,3.77749562846436e-21,3.43434053086325e-21,"MKI67/CDC20/SPDL1/PLK1/ESPL1/NDC80/BUB1B/UBE2C/DLGAP5/CCNB1/AURKB/NUF2/CENPF/ZWINT/BORA/ANAPC11/KNL1/GEN1/PKMYT1/TRIP13/RCC1/CHEK1/KIF20B/CDCA8/AURKA/MAD2L1/CDCA2/TTK/NEK2/XRCC3/SPC25/BUB1/SKA1/PHIP/BIRC5/IL1B/SKA3/CDC25C",38
"GO:0051783","regulation of nuclear division","40/802","159/21338",0.251572327044025,6.69332956915886,14.2399379340988,3.63089001245113e-22,2.01272336356874e-19,1.82988363317566e-19,"MKI67/CDC20/SPDL1/PLK1/ESPL1/NDC80/BUB1B/UBE2C/DLGAP5/CCNB1/AURKB/NUF2/CENPF/ZWINT/BORA/ANAPC11/KNL1/GEN1/PKMYT1/TRIP13/RCC1/CHEK1/RAD51AP1/KIF20B/CDCA8/AURKA/MAD2L1/CDCA2/TTK/NEK2/XRCC3/SPC25/BUB1/SKA1/PHIP/BIRC5/WNT4/IL1B/SKA3/CDC25C",40
"GO:0051306","mitotic sister chromatid separation","27/802","66/21338",0.409090909090909,10.8842666062117,15.8930844671304,1.33420887950283e-21,6.6563680998396e-19,6.05169059134492e-19,"CDC20/SPDL1/PLK1/ESPL1/NDC80/BUB1B/UBE2C/DLGAP5/CCNB1/AURKB/NUF2/CENPF/ZWINT/ANAPC11/KNL1/GEN1/TRIP13/NCAPH2/CDCA8/MAD2L1/TTK/XRCC3/SPC25/BUB1/SKA1/BIRC5/SKA3",27
"GO:0051983","regulation of chromosome segregation","37/802","139/21338",0.266187050359712,7.08216867902187,14.2168737914396,1.60727205794169e-21,7.28970936097373e-19,6.6274978925079e-19,"CDC20/SPDL1/PLK1/ESPL1/NCAPG/CENPE/NDC80/BUB1B/UBE2C/DLGAP5/TACC3/CCNB1/AURKB/NUF2/CENPF/ZWINT/SMC4/CDK1/ANAPC11/KNL1/GEN1/NCAPG2/TRIP13/NCAPH/NCAPH2/KIF2C/CDCA8/MAD2L1/TTK/NCAPD2/SMC2/XRCC3/SPC25/BUB1/SKA1/BIRC5/SKA3",37
"GO:0010965","regulation of mitotic sister chromatid separation","26/802","63/21338",0.412698412698413,10.9802477932154,15.6773534418462,5.73691089014352e-21,2.38512070257717e-18,2.16845166891478e-18,"CDC20/SPDL1/PLK1/ESPL1/NDC80/BUB1B/UBE2C/DLGAP5/CCNB1/AURKB/NUF2/CENPF/ZWINT/ANAPC11/KNL1/GEN1/TRIP13/CDCA8/MAD2L1/TTK/XRCC3/SPC25/BUB1/SKA1/BIRC5/SKA3",26
"GO:0090068","positive regulation of cell cycle process","51/802","306/21338",0.166666666666667,4.43433083956775,11.957998410655,2.47774627268994e-19,9.50882781111547e-17,8.64502727855948e-17,"RRM2/CDC20/ESPL1/NCAPG/NDC80/DBF4/KIF23/UBE2C/DLGAP5/CCNB1/AURKB/KIF14/SMC4/CIT/CDK1/ANAPC11/KNL1/GEN1/NCAPG2/NCAPH/NCAPH2/CHEK1/RAD51AP1/EZH2/FAM83D/KIF20B/CDCA8/AURKA/MAD2L1/SPAG5/NCAPD2/RACGAP1/CCNE2/SMC2/XRCC3/POC1A/BUB1/STIL/SKA1/E2F8/PLK4/PHIP/ATAD5/BIRC5/WNT4/IL1B/E2F7/SKA3/CDC25C/SASS6/WEE1",51
"GO:0007094","mitotic spindle assembly checkpoint signaling","22/802","50/21338",0.44,11.7066334164589,14.9784350125634,1.10663306278375e-18,3.45062021889257e-16,3.1371591233784e-16,"CDC20/SPDL1/PLK1/NDC80/BUB1B/CCNB1/AURKB/NUF2/CENPF/ZWINT/KNL1/GEN1/TRIP13/CDCA8/MAD2L1/TTK/XRCC3/SPC25/BUB1/SKA1/BIRC5/SKA3",22
"GO:0071173","spindle assembly checkpoint signaling","22/802","50/21338",0.44,11.7066334164589,14.9784350125634,1.10663306278375e-18,3.45062021889257e-16,3.1371591233784e-16,"CDC20/SPDL1/PLK1/NDC80/BUB1B/CCNB1/AURKB/NUF2/CENPF/ZWINT/KNL1/GEN1/TRIP13/CDCA8/MAD2L1/TTK/XRCC3/SPC25/BUB1/SKA1/BIRC5/SKA3",22
"GO:0071174","mitotic spindle checkpoint signaling","22/802","50/21338",0.44,11.7066334164589,14.9784350125634,1.10663306278375e-18,3.45062021889257e-16,3.1371591233784e-16,"CDC20/SPDL1/PLK1/NDC80/BUB1B/CCNB1/AURKB/NUF2/CENPF/ZWINT/KNL1/GEN1/TRIP13/CDCA8/MAD2L1/TTK/XRCC3/SPC25/BUB1/SKA1/BIRC5/SKA3",22
"GO:0031577","spindle checkpoint signaling","22/802","51/21338",0.431372549019608,11.4770915847636,14.8035042655865,1.87808101863224e-18,5.51161541291544e-16,5.01092947943425e-16,"CDC20/SPDL1/PLK1/NDC80/BUB1B/CCNB1/AURKB/NUF2/CENPF/ZWINT/KNL1/GEN1/TRIP13/CDCA8/MAD2L1/TTK/XRCC3/SPC25/BUB1/SKA1/BIRC5/SKA3",22
"GO:0033046","negative regulation of sister chromatid segregation","22/802","52/21338",0.423076923076923,11.2563782850566,14.6333785789955,3.14148786280912e-18,7.46327759407368e-16,6.78529884754111e-16,"CDC20/SPDL1/PLK1/NDC80/BUB1B/CCNB1/AURKB/NUF2/CENPF/ZWINT/KNL1/GEN1/TRIP13/CDCA8/MAD2L1/TTK/XRCC3/SPC25/BUB1/SKA1/BIRC5/SKA3",22
"GO:0033048","negative regulation of mitotic sister chromatid segregation","22/802","52/21338",0.423076923076923,11.2563782850566,14.6333785789955,3.14148786280912e-18,7.46327759407368e-16,6.78529884754111e-16,"CDC20/SPDL1/PLK1/NDC80/BUB1B/CCNB1/AURKB/NUF2/CENPF/ZWINT/KNL1/GEN1/TRIP13/CDCA8/MAD2L1/TTK/XRCC3/SPC25/BUB1/SKA1/BIRC5/SKA3",22
"GO:0045841","negative regulation of mitotic metaphase/anaphase transition","22/802","52/21338",0.423076923076923,11.2563782850566,14.6333785789955,3.14148786280912e-18,7.46327759407368e-16,6.78529884754111e-16,"CDC20/SPDL1/PLK1/NDC80/BUB1B/CCNB1/AURKB/NUF2/CENPF/ZWINT/KNL1/GEN1/TRIP13/CDCA8/MAD2L1/TTK/XRCC3/SPC25/BUB1/SKA1/BIRC5/SKA3",22
"GO:2000816","negative regulation of mitotic sister chromatid separation","22/802","52/21338",0.423076923076923,11.2563782850566,14.6333785789955,3.14148786280912e-18,7.46327759407368e-16,6.78529884754111e-16,"CDC20/SPDL1/PLK1/NDC80/BUB1B/CCNB1/AURKB/NUF2/CENPF/ZWINT/KNL1/GEN1/TRIP13/CDCA8/MAD2L1/TTK/XRCC3/SPC25/BUB1/SKA1/BIRC5/SKA3",22
"GO:0033047","regulation of mitotic sister chromatid segregation","23/802","59/21338",0.389830508474576,10.3718246755991,14.2452635619028,4.94435408106528e-18,1.07249489175803e-15,9.75067356307108e-16,"CDC20/SPDL1/PLK1/NDC80/BUB1B/CCNB1/AURKB/NUF2/CENPF/ZWINT/CDK1/KNL1/GEN1/TRIP13/CDCA8/MAD2L1/TTK/XRCC3/SPC25/BUB1/SKA1/BIRC5/SKA3",23
"GO:0045839","negative regulation of mitotic nuclear division","23/802","59/21338",0.389830508474576,10.3718246755991,14.2452635619028,4.94435408106528e-18,1.07249489175803e-15,9.75067356307108e-16,"CDC20/SPDL1/PLK1/NDC80/BUB1B/CCNB1/AURKB/NUF2/CENPF/ZWINT/KNL1/GEN1/TRIP13/CHEK1/CDCA8/MAD2L1/TTK/XRCC3/SPC25/BUB1/SKA1/BIRC5/SKA3",23
"GO:0045787","positive regulation of cell cycle","55/802","381/21338",0.144356955380577,3.8407589949012,11.0567695147795,8.07353628500694e-18,1.61961903335699e-15,1.47248966984952e-15,"RRM2/CDC20/ESPL1/NCAPG/NDC80/DBF4/KIF23/UBE2C/DLGAP5/CCNB1/NUPR1/AURKB/KIF14/SMC4/CIT/CDK1/ANAPC11/KNL1/GEN1/NCAPG2/NCAPH/NCAPH2/CHEK1/RAD51AP1/EZH2/FAM83D/KIF20B/CDCA8/AURKA/MAD2L1/SPAG5/NCAPD2/STAT5A/RACGAP1/CCNE2/SMC2/XRCC3/POC1A/BUB1/STIL/SKA1/E2F8/PLK4/PHIP/ATAD5/BIRC5/WNT4/IL1B/HES1/E2F7/SKA3/CDC25C/BRCA2/SASS6/WEE1",55
"GO:1902100","negative regulation of metaphase/anaphase transition of cell cycle","22/802","54/21338",0.407407407407407,10.83947538561,14.3066559525826,8.44058826764519e-18,1.61961903335699e-15,1.47248966984952e-15,"CDC20/SPDL1/PLK1/NDC80/BUB1B/CCNB1/AURKB/NUF2/CENPF/ZWINT/KNL1/GEN1/TRIP13/CDCA8/MAD2L1/TTK/XRCC3/SPC25/BUB1/SKA1/BIRC5/SKA3",22
"GO:1905819","negative regulation of chromosome separation","22/802","54/21338",0.407407407407407,10.83947538561,14.3066559525826,8.44058826764519e-18,1.61961903335699e-15,1.47248966984952e-15,"CDC20/SPDL1/PLK1/NDC80/BUB1B/CCNB1/AURKB/NUF2/CENPF/ZWINT/KNL1/GEN1/TRIP13/CDCA8/MAD2L1/TTK/XRCC3/SPC25/BUB1/SKA1/BIRC5/SKA3",22
"GO:1902850","microtubule cytoskeleton organization involved in mitosis","38/802","188/21338",0.202127659574468,5.37780548628429,11.9145085942981,1.29634438427522e-17,2.39535634561076e-15,2.17775748609821e-15,"MYBL2/SAPCD2/CDC20/SPDL1/PLK1/ESPL1/CENPE/NDC80/KIF23/DLGAP5/KIFC1/TACC3/CCNB1/AURKB/NUF2/KIF4A/KIF11/CDK1/BORA/TPX2/RCC1/KIF15/CDCA8/AURKA/PSRC1/MAD2L1/TTK/NEK2/RACGAP1/STMN1/POC1A/SPC25/STIL/CENPA/BIRC5/WDR62/SASS6/GPSM1",38
"GO:0051985","negative regulation of chromosome segregation","22/802","55/21338",0.4,10.6423940149626,14.1496510971056,1.35756887185876e-17,2.41889682203692e-15,2.19915949956369e-15,"CDC20/SPDL1/PLK1/NDC80/BUB1B/CCNB1/AURKB/NUF2/CENPF/ZWINT/KNL1/GEN1/TRIP13/CDCA8/MAD2L1/TTK/XRCC3/SPC25/BUB1/SKA1/BIRC5/SKA3",22
"GO:0007091","metaphase/anaphase transition of mitotic cell cycle","28/802","99/21338",0.282828282828283,7.52492506108466,12.8594391552932,2.27337953428376e-17,3.9109967229454e-15,3.55571412458392e-15,"CDC20/SPDL1/PLK1/ESPL1/CENPE/NDC80/BUB1B/UBE2C/DLGAP5/TACC3/CCNB1/AURKB/NUF2/CENPF/ZWINT/ANAPC11/KNL1/GEN1/TRIP13/CDCA8/MAD2L1/TTK/XRCC3/SPC25/BUB1/SKA1/BIRC5/SKA3",28
"GO:0033045","regulation of sister chromatid segregation","29/802","111/21338",0.261261261261261,6.95111320797106,12.4225663858205,6.4968402732338e-17,1.08042453743878e-14,9.82276657451385e-15,"CDC20/SPDL1/PLK1/ESPL1/CENPE/NDC80/BUB1B/UBE2C/DLGAP5/TACC3/CCNB1/AURKB/NUF2/CENPF/ZWINT/CDK1/ANAPC11/KNL1/GEN1/TRIP13/CDCA8/MAD2L1/TTK/XRCC3/SPC25/BUB1/SKA1/BIRC5/SKA3",29
"GO:0044784","metaphase/anaphase transition of cell cycle","28/802","103/21338",0.271844660194175,7.23269496162506,12.5303813039481,7.16931471059723e-17,1.15334905955352e-14,1.04857657322237e-14,"CDC20/SPDL1/PLK1/ESPL1/CENPE/NDC80/BUB1B/UBE2C/DLGAP5/TACC3/CCNB1/AURKB/NUF2/CENPF/ZWINT/ANAPC11/KNL1/GEN1/TRIP13/CDCA8/MAD2L1/TTK/XRCC3/SPC25/BUB1/SKA1/BIRC5/SKA3",28
"GO:0030071","regulation of mitotic metaphase/anaphase transition","27/802","95/21338",0.28421052631579,7.56170101063132,12.6667806663796,7.3977089408123e-17,1.15334905955352e-14,1.04857657322237e-14,"CDC20/SPDL1/PLK1/ESPL1/CENPE/NDC80/BUB1B/UBE2C/DLGAP5/CCNB1/AURKB/NUF2/CENPF/ZWINT/ANAPC11/KNL1/GEN1/TRIP13/CDCA8/MAD2L1/TTK/XRCC3/SPC25/BUB1/SKA1/BIRC5/SKA3",27
"GO:0051784","negative regulation of nuclear division","23/802","66/21338",0.348484848484849,9.27178266455075,13.3003434467087,9.31230447174824e-17,1.40785112150158e-14,1.27995916965752e-14,"CDC20/SPDL1/PLK1/NDC80/BUB1B/CCNB1/AURKB/NUF2/CENPF/ZWINT/KNL1/GEN1/TRIP13/CHEK1/CDCA8/MAD2L1/TTK/XRCC3/SPC25/BUB1/SKA1/BIRC5/SKA3",23
"GO:1901988","negative regulation of cell cycle phase transition","47/802","307/21338",0.153094462540717,4.07322897966809,10.7184029696315,2.06892695432942e-16,3.03584605151455e-14,2.76006385331439e-14,"CDC20/SPDL1/PLK1/CDC45/NDC80/BUB1B/RBL1/CCNB1/AURKB/NUF2/CENPF/ZWINT/CDKN2B/TICRR/CDK1/KNL1/GEN1/PKMYT1/TRIP13/CHEK1/MSH2/EZH2/CDCA8/SUSD2/MAD2L1/BLM/TTK/CDT1/DNA2/MUC1/XRCC3/SPC25/BUB1/TIPIN/SKA1/EME1/CLSPN/BIRC5/ORC1/E2F7/SKA3/CDKN1A/BRCA2/BRIP1/BARD1/DACT1/WEE1",47
"GO:1902099","regulation of metaphase/anaphase transition of cell cycle","27/802","99/21338",0.272727272727273,7.2561777374745,12.3297871173374,2.34679704230902e-16,3.34519155545135e-14,3.04130780610814e-14,"CDC20/SPDL1/PLK1/ESPL1/CENPE/NDC80/BUB1B/UBE2C/DLGAP5/CCNB1/AURKB/NUF2/CENPF/ZWINT/ANAPC11/KNL1/GEN1/TRIP13/CDCA8/MAD2L1/TTK/XRCC3/SPC25/BUB1/SKA1/BIRC5/SKA3",27
"GO:0000075","cell cycle checkpoint signaling","39/802","216/21338",0.180555555555556,4.80385840953173,11.1040046309907,2.76700904600672e-16,3.83461336959097e-14,3.48626958457396e-14,"CDC20/SPDL1/PLK1/CDC45/NDC80/BUB1B/CCNB1/AURKB/NUF2/CENPF/ZWINT/TICRR/CDK1/KNL1/GEN1/TRIP13/CHEK1/MSH2/CDCA8/MAD2L1/BLM/TTK/CDT1/DNA2/MUC1/XRCC3/SPC25/BUB1/TIPIN/SKA1/EME1/CLSPN/BIRC5/ORC1/SKA3/CDKN1A/BRCA2/BRIP1/BARD1",39
"GO:0010948","negative regulation of cell cycle process","51/802","361/21338",0.141274238227147,3.75874026844247,10.4469294284573,3.26732655178659e-16,4.40559247753061e-14,4.0053798326169e-14,"CDC20/SPDL1/PLK1/ESPL1/CDC45/NDC80/BUB1B/RBL1/CCNB1/AURKB/NUF2/CENPF/ZWINT/CDKN2B/TICRR/CCNF/CDK1/KNL1/GEN1/PKMYT1/TRIP13/CHEK1/MSH2/EZH2/CDCA8/SUSD2/MAD2L1/BLM/TTK/CDT1/NEK2/DNA2/MUC1/XRCC3/SPC25/BUB1/TIPIN/SKA1/E2F8/EME1/CLSPN/BIRC5/ORC1/E2F7/SKA3/CDKN1A/BRCA2/BRIP1/BARD1/DACT1/WEE1",51
"GO:0007051","spindle organization","41/802","240/21338",0.170833333333333,4.54518911055694,10.9149140057899,3.58422030094632e-16,4.64856049084157e-14,4.22627615597184e-14,"MYBL2/CDC20/PLK1/ESPL1/CENPE/NDC80/ASPM/KIF23/DLGAP5/KIFC1/TACC3/CCNB1/AURKB/NUF2/KIF4A/TUBB/KIF11/BORA/TPX2/RCC1/KIF15/CDCA8/AURKA/PSRC1/SPAG5/CCNB2/TTK/NEK2/RACGAP1/STMN1/POC1A/SPC25/STIL/SKA1/BIRC5/WDR62/KNSTRN/SKA3/MAPRE3/TPPP/SASS6",41
"GO:0007093","mitotic cell cycle checkpoint signaling","34/802","165/21338",0.206060606060606,5.4824454016474,11.4225144627788,3.63387170059774e-16,4.64856049084157e-14,4.22627615597184e-14,"CDC20/SPDL1/PLK1/NDC80/BUB1B/CCNB1/AURKB/NUF2/CENPF/ZWINT/TICRR/CDK1/KNL1/GEN1/TRIP13/CHEK1/MSH2/CDCA8/MAD2L1/BLM/TTK/MUC1/XRCC3/SPC25/BUB1/TIPIN/SKA1/EME1/CLSPN/BIRC5/ORC1/SKA3/CDKN1A/BARD1",34
"GO:1901990","regulation of mitotic cell cycle phase transition","53/802","396/21338",0.133838383838384,3.56090203783471,10.1654688987875,8.71979517448046e-16,1.08757645313707e-13,9.88778879127271e-14,"RRM2/CDC20/SPDL1/PLK1/ESPL1/CENPE/NDC80/ANLN/BUB1B/UBE2C/DLGAP5/RBL1/CCNB1/AURKB/NUF2/CENPF/KIF14/ZWINT/CDKN2B/TICRR/CDK1/ANAPC11/KNL1/GEN1/PKMYT1/TRIP13/CHEK1/EZH2/CDCA8/AURKA/MAD2L1/BLM/TTK/CCNE2/MUC1/XRCC3/SPC25/BUB1/CDKN2C/STIL/SKA1/CLSPN/ATAD5/BIRC5/ORC1/E2F7/SKA3/CDKN1A/CDC25C/BARD1/DACT1/SASS6/WEE1",53
"GO:1901991","negative regulation of mitotic cell cycle phase transition","38/802","213/21338",0.178403755868545,4.74660765925562,10.8598942046853,1.00972767200212e-15,1.22866618429722e-13,1.11705174291583e-13,"CDC20/SPDL1/PLK1/NDC80/BUB1B/RBL1/CCNB1/AURKB/NUF2/CENPF/ZWINT/CDKN2B/TICRR/CDK1/KNL1/GEN1/PKMYT1/TRIP13/CHEK1/EZH2/CDCA8/MAD2L1/BLM/TTK/MUC1/XRCC3/SPC25/BUB1/SKA1/CLSPN/BIRC5/ORC1/E2F7/SKA3/CDKN1A/BARD1/DACT1/WEE1",38
"GO:1905820","positive regulation of chromosome separation","17/802","35/21338",0.485714285714286,12.9229070181689,13.9505628649724,1.21418684231054e-15,1.44228051340174e-13,1.31126092819953e-13,"CDC20/ESPL1/NCAPG/UBE2C/DLGAP5/AURKB/SMC4/ANAPC11/NCAPG2/NCAPH/NCAPH2/CDCA8/NCAPD2/SMC2/SKA1/BIRC5/SKA3",17
"GO:0051310","metaphase chromosome alignment","28/802","115/21338",0.243478260869565,6.4779789656294,11.6402371489554,1.62421243264524e-15,1.88446414569003e-13,1.71327573372542e-13,"SPDL1/CENPE/NDC80/KIFC1/CCNB1/AURKB/NUF2/CENPF/KIF14/KIF18A/ZWINT/CDK1/KNL1/FAM83D/KIF2C/CDCA8/PSRC1/SPAG5/TTK/CDT1/NEK2/RACGAP1/SPC25/SKA1/BIRC5/KNSTRN/SKA3/SGO1",28
"GO:0006261","DNA-templated DNA replication","33/802","174/21338",0.189655172413793,5.04596267950813,10.5899413553764,1.26484461094883e-14,1.43416131000539e-12,1.30387928913361e-12,"CDC45/DBF4/LIG1/TICRR/CDK1/POLA1/MCM5/GEN1/PCNA/RFC3/BLM/CDT1/RTEL1/DNA2/MCM10/CCNE2/WDHD1/POLE2/MCM4/TIPIN/GINS4/MCM7/E2F8/TONSL/EME1/POLD4/ATAD5/ORC1/E2F7/BRCA2/BARD1/POLQ/PRIM1",33
"GO:0007052","mitotic spindle organization","31/802","154/21338",0.201298701298701,5.3557502348026,10.7205058998131,1.45744506806658e-14,1.61582076546314e-12,1.46903644404652e-12,"MYBL2/CDC20/PLK1/CENPE/NDC80/KIF23/DLGAP5/KIFC1/TACC3/CCNB1/AURKB/NUF2/KIF4A/KIF11/BORA/TPX2/RCC1/KIF15/CDCA8/AURKA/PSRC1/TTK/NEK2/RACGAP1/STMN1/POC1A/SPC25/STIL/BIRC5/WDR62/SASS6",31
"GO:0050000","chromosome localization","29/802","136/21338",0.213235294117647,5.67333504474109,10.8044805485862,2.1409974329251e-14,2.32205134627463e-12,2.11111165640143e-12,"SPDL1/CENPE/NDC80/DLGAP5/KIFC1/CCNB1/AURKB/NUF2/CENPF/KIF14/KIF18A/ZWINT/CDK1/KNL1/FAM83D/KIF2C/CDCA8/PSRC1/SPAG5/TTK/CDT1/NEK2/RACGAP1/SPC25/SKA1/BIRC5/KNSTRN/SKA3/SGO1",29
"GO:0045786","negative regulation of cell cycle","54/802","457/21338",0.118161925601751,3.14381442455131,9.15515237612857,9.06866813623195e-14,9.62629475141727e-12,8.75182329205453e-12,"CDC20/SPDL1/PLK1/ESPL1/CDC45/NDC80/BUB1B/RBL1/CCNB1/NUPR1/AURKB/NUF2/CENPF/ZWINT/CDKN2B/TICRR/CCNF/CDK1/KNL1/GEN1/PKMYT1/TRIP13/CHEK1/MSH2/EZH2/CDCA8/SUSD2/MAD2L1/BLM/TTK/CDT1/NEK2/DNA2/CEBPA/MUC1/XRCC3/SPC25/BUB1/TIPIN/SKA1/E2F8/EME1/CLSPN/BIRC5/ORC1/E2F7/SKA3/INHA/CDKN1A/BRCA2/BRIP1/BARD1/DACT1/WEE1",54
"GO:2001251","negative regulation of chromosome organization","25/802","105/21338",0.238095238095238,6.33475834223964,10.8292818176146,9.26748241769576e-14,9.63238953789253e-12,8.7573644161954e-12,"PIF1/CDC20/SPDL1/PLK1/ESPL1/NDC80/BUB1B/CCNB1/AURKB/NUF2/CENPF/ZWINT/KNL1/GEN1/TRIP13/CDCA8/MAD2L1/TTK/RTEL1/XRCC3/SPC25/BUB1/SKA1/BIRC5/SKA3",25
"GO:0045930","negative regulation of mitotic cell cycle","41/802","287/21338",0.142857142857143,3.80085500534378,9.44041626590521,1.91530544125815e-13,1.95009364212998e-11,1.77294331823445e-11,"CDC20/SPDL1/PLK1/NDC80/BUB1B/RBL1/CCNB1/AURKB/NUF2/CENPF/ZWINT/CDKN2B/TICRR/CDK1/KNL1/GEN1/PKMYT1/TRIP13/CHEK1/MSH2/EZH2/CDCA8/MAD2L1/BLM/TTK/MUC1/XRCC3/SPC25/BUB1/TIPIN/SKA1/EME1/CLSPN/BIRC5/ORC1/E2F7/SKA3/CDKN1A/BARD1/DACT1/WEE1",41
"GO:0008608","attachment of spindle microtubules to kinetochore","19/802","59/21338",0.322033898305085,8.56802907984276,11.503476923464,2.31471753476951e-13,2.30962515619301e-11,2.09981428575196e-11,"CENPE/NDC80/CCNB1/AURKB/NUF2/CDK1/KNL1/KIF2C/CDCA8/SPAG5/CDT1/NEK2/RACGAP1/SPC25/SKA1/BIRC5/KNSTRN/SKA3/SGO1",19
"GO:0033044","regulation of chromosome organization","40/802","277/21338",0.144404332129964,3.8420194999865,9.40856476591357,2.64909551691491e-13,2.591438732135e-11,2.35602736478562e-11,"PIF1/CDC20/SPDL1/PLK1/ESPL1/NCAPG/CENPE/NDC80/BUB1B/UBE2C/DLGAP5/TACC3/CCNB1/AURKB/NUF2/CENPF/ZWINT/SMC4/CDK1/ANAPC11/KNL1/GEN1/NCAPG2/TRIP13/NCAPH/NCAPH2/CDCA8/MAD2L1/TTK/NCAPD2/NEK2/RTEL1/SMC2/XRCC3/SPC25/BUB1/SKA1/BIRC5/SKA3/MAPT",40
"GO:0006260","DNA replication","42/802","311/21338",0.135048231511254,3.59309122691663,9.10343441942124,6.67761169081645e-13,6.40665475490063e-11,5.82466169549151e-11,"FAM111B/CDC45/DBF4/LIG1/TICRR/CDK1/POLA1/MCM5/CCNA2/GEN1/PCNA/RECQL4/CHEK1/RFC3/BLM/CDT1/RTEL1/DSCC1/DNA2/MCM10/CCNE2/WDHD1/POLE2/MCM4/PCLAF/TIPIN/GINS4/MCM7/E2F8/TONSL/EME1/POLD4/ATAD5/ORC1/E2F7/CDKN1A/ESCO2/BRCA2/BARD1/POLQ/WEE1/PRIM1",42
"GO:0051984","positive regulation of chromosome segregation","14/802","33/21338",0.424242424242424,11.287387591627,11.6873819803413,4.23119053893979e-12,3.98290747146615e-10,3.62109235993874e-10,"NCAPG/CCNB1/AURKB/SMC4/CDK1/NCAPG2/NCAPH/NCAPH2/CDCA8/NCAPD2/SMC2/SKA1/BIRC5/SKA3",14
"GO:0044786","cell cycle DNA replication","16/802","46/21338",0.347826086956522,9.25425566518486,11.0750204924155,4.7225341662162e-12,4.3630968435653e-10,3.96674458522917e-10,"CDC45/DBF4/LIG1/CDK1/POLA1/PCNA/BLM/CDT1/RTEL1/DNA2/MCM4/TIPIN/E2F8/ATAD5/E2F7/BRCA2",16
"GO:0090231","regulation of spindle checkpoint","12/802","25/21338",0.48,12.7708728179551,11.6373022460986,2.42928717726119e-11,2.20358431406474e-09,2.00340640130497e-09,"NDC80/CCNB1/AURKB/ZWINT/KNL1/GEN1/CDCA8/MAD2L1/XRCC3/SKA1/BIRC5/SKA3",12
"GO:1903046","meiotic cell cycle process","35/802","259/21338",0.135135135135135,3.59540338343331,8.30473313757856,5.56740668080369e-11,4.95996284473743e-09,4.50939011044795e-09,"FANCA/CDC20/PLK1/ESPL1/NDC80/ASPM/NUF2/KIF18A/ZWINT/SMC4/KNL1/PKMYT1/TRIP13/NCAPH/NCAPH2/RAD51AP1/AURKA/TOP2A/CCNB2/TTK/NCAPD2/CCNE2/SMC2/CKS2/RAD54L/SKA1/EME1/PSMC3IP/WNT4/SKA3/REC8/CDC25C/BRCA2/BRIP1/SGO1",35
"GO:0007080","mitotic metaphase chromosome alignment","18/802","70/21338",0.257142857142857,6.84153900961881,9.67406297880364,6.85408727131672e-11,5.9991300695788e-09,5.45415735034234e-09,"SPDL1/CENPE/NDC80/KIFC1/CCNB1/AURKB/NUF2/KIF14/KIF18A/CDK1/KIF2C/CDCA8/PSRC1/TTK/CDT1/SKA1/BIRC5/SKA3",18
"GO:0051321","meiotic cell cycle","40/802","337/21338",0.118694362017804,3.15798041987021,7.89111545766769,1.37237153368798e-10,1.16379521991089e-08,1.0580737839238e-08,"FANCA/CDC20/PLK1/ESPL1/NDC80/ASPM/NUF2/KIF18A/ZWINT/SMC4/ANAPC11/KNL1/PKMYT1/XRCC2/TRIP13/SGO2/NCAPH/NCAPH2/RAD51AP1/AURKA/TOP2A/CCNB2/TTK/NCAPD2/NEK2/CCNE2/SMC2/CKS2/RAD54L/SKA1/EME1/PSMC3IP/WNT4/SKA3/REC8/CDC25C/BRCA2/BRIP1/SGO1/DUSP13B",40
"GO:0033260","nuclear DNA replication","14/802","41/21338",0.341463414634146,9.08497050057782,10.2401681356157,1.37630623320791e-10,1.16379521991089e-08,1.0580737839238e-08,"CDC45/DBF4/LIG1/CDK1/POLA1/PCNA/BLM/CDT1/RTEL1/DNA2/MCM4/TIPIN/ATAD5/BRCA2",14
"GO:0140013","meiotic nuclear division","32/802","234/21338",0.136752136752137,3.63842530426072,8.01985060057389,2.73401146390499e-10,2.273330532237e-08,2.06681673648537e-08,"FANCA/CDC20/PLK1/ESPL1/NDC80/ASPM/NUF2/KIF18A/ZWINT/SMC4/KNL1/TRIP13/NCAPH/NCAPH2/RAD51AP1/AURKA/TOP2A/CCNB2/TTK/CCNE2/SMC2/CKS2/RAD54L/SKA1/EME1/PSMC3IP/WNT4/SKA3/REC8/BRCA2/BRIP1/SGO1",32
"GO:0090266","regulation of mitotic cell cycle spindle assembly checkpoint","11/802","24/21338",0.458333333333333,12.1944098088113,10.8435197975515,3.15254795203096e-10,2.53678415043266e-08,2.30633771227528e-08,"NDC80/CCNB1/AURKB/KNL1/GEN1/CDCA8/MAD2L1/XRCC3/SKA1/BIRC5/SKA3",11
"GO:1903504","regulation of mitotic spindle checkpoint","11/802","24/21338",0.458333333333333,12.1944098088113,10.8435197975515,3.15254795203096e-10,2.53678415043266e-08,2.30633771227528e-08,"NDC80/CCNB1/AURKB/KNL1/GEN1/CDCA8/MAD2L1/XRCC3/SKA1/BIRC5/SKA3",11
"GO:0051225","spindle assembly","26/802","166/21338",0.156626506024096,4.16720247573836,8.09552213349006,6.7700219750135e-10,5.36121264021307e-08,4.8741895890281e-08,"MYBL2/CDC20/PLK1/NDC80/ASPM/KIF23/KIFC1/AURKB/KIF4A/TUBB/KIF11/TPX2/RCC1/KIF15/CDCA8/AURKA/SPAG5/CCNB2/NEK2/RACGAP1/STIL/SKA1/BIRC5/SKA3/MAPRE3/SASS6",26
"GO:0045132","meiotic chromosome segregation","22/802","123/21338",0.178861788617886,4.75879407173124,8.26181575828597,1.0665369480142e-09,8.31398880256694e-08,7.55872978452827e-08,"PLK1/ESPL1/NDC80/ASPM/NUF2/ZWINT/SMC4/KNL1/TRIP13/NCAPH/NCAPH2/AURKA/CCNB2/TTK/CCNE2/SMC2/SKA1/PSMC3IP/SKA3/REC8/BRIP1/SGO1",22
"GO:0010639","negative regulation of organelle organization","43/802","410/21338",0.104878048780488,2.79038379660605,7.23386065412086,1.4097042296135e-09,1.08200221562181e-07,9.8371101625985e-08,"PIF1/CDC20/SPDL1/PLK1/ESPL1/NDC80/BUB1B/IFI6/CCNB1/NUPR1/TUBB4A/AURKB/NUF2/CENPF/ZWINT/PPIF/CCNF/TPX2/KNL1/KANK4/GEN1/TRIP13/CHEK1/CDCA8/MAD2L1/TTK/RTEL1/STMN1/CGNL1/XRCC3/SPC25/BUB1/BMERB1/DIAPH3/EVI5L/SKA1/BIRC5/SKA3/PRKN/SPTBN4/CKAP2/MAPT/TMOD2",43
"GO:0051315","attachment of mitotic spindle microtubules to kinetochore","11/802","27/21338",0.407407407407407,10.83947538561,10.1099229579859,1.4848017123144e-09,1.12237511253584e-07,1.02041636018545e-07,"CENPE/NDC80/AURKB/NUF2/CDK1/KIF2C/CDCA8/CDT1/SKA1/BIRC5/SKA3",11
"GO:0090232","positive regulation of spindle checkpoint","8/802","12/21338",0.666666666666667,17.737323358271,11.4608772764004,1.66614181019674e-09,1.24065395389128e-07,1.12795052005307e-07,"NDC80/AURKB/KNL1/GEN1/CDCA8/MAD2L1/XRCC3/BIRC5",8
"GO:1901970","positive regulation of mitotic sister chromatid separation","10/802","23/21338",0.434782608695652,11.5678195814811,10.0208041597035,3.90412194566451e-09,2.86436240984121e-07,2.60415812134185e-07,"CDC20/ESPL1/UBE2C/DLGAP5/AURKB/ANAPC11/CDCA8/SKA1/BIRC5/SKA3",10
"GO:0000281","mitotic cytokinesis","19/802","100/21338",0.19,5.05513715710723,8.03238792575105,5.13692687430242e-09,3.71422147476736e-07,3.37681432515166e-07,"IQGAP3/KIF20A/PLK1/ESPL1/ANLN/KIF23/AURKB/KIF4A/CEP55/CIT/MYH14/KIF20B/CDCA8/KLHDC8B/RACGAP1/STMN1/CENPA/BIRC5/CKAP2",19
"GO:0060623","regulation of chromosome condensation","8/802","14/21338",0.571428571428571,15.2034200213751,10.5055439980044,9.45121658360916e-09,6.73601707651801e-07,6.12410409906344e-07,"NCAPG/CCNB1/SMC4/NCAPG2/NCAPH/NCAPH2/NCAPD2/SMC2",8
"GO:1901976","regulation of cell cycle checkpoint","14/802","55/21338",0.254545454545455,6.7724325549762,8.47070826059826,1.04241274145831e-08,7.32478474244438e-07,6.65938695766324e-07,"NDC80/CCNB1/AURKB/ZWINT/KNL1/GEN1/CDCA8/MAD2L1/XRCC3/SKA1/BIRC5/SKA3/BRCA2/BARD1",14
"GO:0090267","positive regulation of mitotic cell cycle spindle assembly checkpoint","7/802","11/21338",0.636363636363636,16.9310813874405,10.4441391484061,2.98628669522072e-08,2.06924782256336e-06,1.88127329966464e-06,"NDC80/AURKB/GEN1/CDCA8/MAD2L1/XRCC3/BIRC5",7
"GO:0051383","kinetochore organization","9/802","22/21338",0.409090909090909,10.8842666062117,9.16640138582575,4.58454034370211e-08,3.13318791434655e-06,2.84856299077324e-06,"CENPE/NDC80/DLGAP5/NUF2/CENPF/SMC4/SMC2/CENPA/CENPK",9
"GO:0006270","DNA replication initiation","11/802","37/21338",0.297297297297297,7.90988744355328,8.31319128959101,6.90042348622715e-08,4.65219091524152e-06,4.22957678551249e-06,"CDC45/TICRR/POLA1/MCM5/CDT1/MCM10/CCNE2/MCM4/MCM7/ORC1/PRIM1",11
"GO:0061640","cytoskeleton-dependent cytokinesis","20/802","129/21338",0.155038759689922,4.12495892052814,7.0351766472547,7.45984140407048e-08,4.96228650198768e-06,4.51150268212487e-06,"IQGAP3/KIF20A/PLK1/ESPL1/ANLN/KIF23/AURKB/KIF4A/CEP55/CIT/MYH14/KIF20B/CDCA8/KLHDC8B/RACGAP1/STMN1/SEPTIN4/CENPA/BIRC5/CKAP2",20
"GO:0006310","DNA recombination","38/802","391/21338",0.0971867007672634,2.58574790644871,6.25399520548234,9.7021429306736e-08,6.36894619488561e-06,5.7903786548854e-06,"PIF1/PLK1/CDC45/HMGB2/LIG1/MORF4L1/NSD2/HELLS/MCM5/GEN1/XRCC2/TRIP13/RECQL4/CHEK1/MSH2/RAD51AP1/TOP2A/HMGB1/BLM/KPNA2/RTEL1/MCM4/XRCC3/RAD54L/GINS4/MCM7/TONSL/EME1/ZGRF1/PSMC3IP/ATAD5/REC8/BRCA2/BRIP1/ING3/BARD1/FANCB/POLQ",38
"GO:1901978","positive regulation of cell cycle checkpoint","8/802","18/21338",0.444444444444444,11.8248822388473,9.0794965461738,1.20423806742818e-07,7.80252430960936e-06,7.09372772733841e-06,"NDC80/AURKB/KNL1/GEN1/CDCA8/MAD2L1/XRCC3/BIRC5",8
"GO:0051988","regulation of attachment of spindle microtubules to kinetochore","9/802","25/21338",0.36,9.57815461346633,8.48081357215915,1.70096342808241e-07,1.08796237726964e-05,9.89129745156156e-06,"CCNB1/AURKB/CDK1/CDCA8/SPAG5/NEK2/RACGAP1/BIRC5/KNSTRN",9
"GO:0007098","centrosome cycle","22/802","162/21338",0.135802469135802,3.61315846187002,6.59777079487869,1.89632694604056e-07,1.19756647263245e-05,1.08877718993855e-05,"PLK1/NDC80/KIF11/CCNF/CDK1/GEN1/XRCC2/CHEK1/KIF15/AURKA/NEK2/XRCC3/POC1A/PCLAF/STIL/WDR90/PLK4/CEP135/WDR62/BRCA2/SGO1/SASS6",22
"GO:0000910","cytokinesis","25/802","203/21338",0.123152709359606,3.27659914253774,6.44064549926215,1.95476738774374e-07,1.21904181218169e-05,1.10830166760365e-05,"IQGAP3/KIF20A/PLK1/ESPL1/ANLN/KIF23/AURKB/KIF14/KIF4A/CEP55/CIT/MYH14/KIF20B/CDCA8/AURKA/KLHDC8B/RACGAP1/STMN1/SEPTIN4/CENPA/E2F8/BIRC5/E2F7/BRCA2/CKAP2",25
"GO:0044771","meiotic cell cycle phase transition","8/802","19/21338",0.421052631578947,11.2025200157501,8.79218415743158,2.01149500018576e-07,1.23893192048479e-05,1.12638491953222e-05,"CDC20/NDC80/ZWINT/KNL1/PKMYT1/CCNB2/TTK/CDC25C",8
"GO:0051231","spindle elongation","7/802","14/21338",0.5,13.3029925187032,9.09989488572779,2.81240681010541e-07,1.71110946044096e-05,1.55566892743828e-05,"KIF23/AURKB/KIF4A/KIF11/CDCA8/RACGAP1/BIRC5",7
"GO:0045931","positive regulation of mitotic cell cycle","21/802","153/21338",0.137254901960784,3.65180186787932,6.50531735996573,2.98868270309933e-07,1.79645036214007e-05,1.63325729456627e-05,"RRM2/CDC20/ESPL1/UBE2C/DLGAP5/CCNB1/CDK1/ANAPC11/CHEK1/AURKA/STAT5A/CCNE2/STIL/SKA1/BIRC5/HES1/SKA3/CDC25C/BRCA2/SASS6/WEE1",21
"GO:1901989","positive regulation of cell cycle phase transition","20/802","141/21338",0.141843971631206,3.77389858686617,6.53068701617645,3.32294474394974e-07,1.97359182471015e-05,1.7943068799097e-05,"RRM2/CDC20/ESPL1/UBE2C/DLGAP5/CCNB1/CDK1/ANAPC11/CHEK1/EZH2/FAM83D/CCNE2/STIL/SKA1/ATAD5/BIRC5/SKA3/CDC25C/SASS6/WEE1",20
"GO:0044839","cell cycle G2/M phase transition","23/802","182/21338",0.126373626373626,3.3622948124195,6.32483129660067,3.75944426730894e-07,2.20657264112992e-05,2.00612326288969e-05,"CDC20/PLK1/NDC80/CCNB1/AURKB/CENPF/KIF14/TICRR/CDK1/CCNA2/PKMYT1/CHEK1/AURKA/BLM/CCNB2/CLSPN/ATAD5/BIRC5/ORC1/CDKN1A/CDC25C/BARD1/WEE1",23
"GO:0006271","DNA strand elongation involved in DNA replication","7/802","15/21338",0.466666666666667,12.4161263507897,8.74049800027118,5.10190229679549e-07,2.9596965765945e-05,2.69083194576399e-05,"LIG1/POLA1/PCNA/RFC3/DNA2/MCM4/MCM7",7
"GO:0032886","regulation of microtubule-based process","31/802","304/21338",0.101973684210526,2.71311031631448,5.94507205016302,5.18976662022003e-07,2.97606272049169e-05,2.70571135711169e-05,"PLK1/TACC3/TUBB4A/AURKB/KIF18A/CCNF/BORA/TPX2/GEN1/HAP1/RCC1/TRPV4/AURKA/PSRC1/SPAG5/STMN1/XRCC3/POC1A/BMERB1/DIAPH3/STIL/SKA1/PLK4/WDR62/SKA3/CKAP2/MAP6/MAPRE3/TPPP/MAPT/SASS6",31
"GO:0031023","microtubule organizing center organization","22/802","175/21338",0.125714285714286,3.34475240470253,6.15493304923189,7.34285083117684e-07,4.14327005672845e-05,3.76688729403485e-05,"PLK1/NDC80/KIF11/CCNF/CDK1/GEN1/XRCC2/CHEK1/KIF15/AURKA/NEK2/XRCC3/POC1A/PCLAF/STIL/WDR90/PLK4/CEP135/WDR62/BRCA2/SGO1/SASS6",22
"GO:0070507","regulation of microtubule cytoskeleton organization","23/802","189/21338",0.121693121693122,3.23776537492248,6.10655774300736,7.39128152032134e-07,4.14327005672845e-05,3.76688729403485e-05,"PLK1/TACC3/TUBB4A/AURKB/KIF18A/BORA/TPX2/RCC1/TRPV4/PSRC1/SPAG5/STMN1/BMERB1/DIAPH3/STIL/SKA1/SKA3/CKAP2/MAP6/MAPRE3/TPPP/MAPT/SASS6",23
"GO:0030261","chromosome condensation","11/802","46/21338",0.239130434782609,6.3623007698146,7.19478452341614,7.90329610444386e-07,4.38106047389671e-05,3.98307636421621e-05,"PLK1/NCAPG/CCNB1/SMC4/CDK1/NCAPG2/NCAPH/NCAPH2/TOP2A/NCAPD2/SMC2",11
"GO:0006302","double-strand break repair","34/802","361/21338",0.0941828254847645,2.50582684562831,5.70233702958816,9.41213852398222e-07,5.160127373203e-05,4.69137130131167e-05,"PLK1/CDC45/HMGB2/MORF4L1/NSD2/HELLS/POLA1/MCM5/GEN1/XRCC2/TRIP13/RECQL4/CHEK1/MSH2/RAD51AP1/HMGB1/BLM/RTEL1/DNA2/MCM4/XRCC3/RAD54L/GINS4/MCM7/TONSL/EME1/ZGRF1/REC8/ESCO2/BRCA2/BRIP1/ING3/FANCB/POLQ",34
"GO:0051302","regulation of cell division","24/802","207/21338",0.115942028985507,3.08475188839495,5.95628484319491,1.03522797502352e-06,5.6138612689047e-05,5.10388712171205e-05,"LBH/KIF20A/PLK1/ASPM/KIF23/AURKB/KIF14/CIT/KIF20B/KIF18B/CDCA8/AURKA/SUSD2/BLM/RACGAP1/MDK/E2F8/FGF2/BIRC5/IL1B/E2F7/BRCA2/NAP1L2/DLL1",24
"GO:1901992","positive regulation of mitotic cell cycle phase transition","17/802","113/21338",0.150442477876106,4.00267031536204,6.32439457874496,1.08468409271285e-06,5.71117801765796e-05,5.19236342650423e-05,"RRM2/CDC20/ESPL1/UBE2C/DLGAP5/CCNB1/CDK1/ANAPC11/CHEK1/CCNE2/STIL/SKA1/BIRC5/SKA3/CDC25C/SASS6/WEE1",17
"GO:0051256","mitotic spindle midzone assembly","6/802","11/21338",0.545454545454545,14.512355474949,8.858464618375,1.08751635934557e-06,5.71117801765796e-05,5.19236342650423e-05,"KIF23/AURKB/KIF4A/CDCA8/RACGAP1/BIRC5",6
"GO:0051307","meiotic chromosome separation","6/802","11/21338",0.545454545454545,14.512355474949,8.858464618375,1.08751635934557e-06,5.71117801765796e-05,5.19236342650423e-05,"ESPL1/ZWINT/KNL1/NCAPH/NCAPH2/TTK",6
"GO:0090307","mitotic spindle assembly","15/802","91/21338",0.164835164835165,4.38560192924283,6.39593020095135,1.41885238094986e-06,7.37359846724879e-05,6.70376634815015e-05,"MYBL2/CDC20/PLK1/KIF23/KIFC1/AURKB/KIF4A/KIF11/TPX2/RCC1/KIF15/CDCA8/NEK2/RACGAP1/BIRC5",15
"GO:0061982","meiosis I cell cycle process","21/802","169/21338",0.124260355029586,3.30606914665998,5.94786963455895,1.58022896014723e-06,8.12758998162323e-05,7.38926379736779e-05,"CDC20/PLK1/ESPL1/NDC80/ZWINT/KNL1/PKMYT1/TRIP13/RAD51AP1/AURKA/TOP2A/CCNB2/CCNE2/CKS2/RAD54L/EME1/PSMC3IP/REC8/CDC25C/BRCA2/BRIP1",21
"GO:0031297","replication fork processing","12/802","59/21338",0.203389830508475,5.41138678726912,6.70535030619605,1.6126846293158e-06,8.20988124046582e-05,7.46407955716623e-05,"CDK1/GEN1/PCNA/BLM/RTEL1/DNA2/TIPIN/TONSL/EME1/BRCA2/BARD1/POLQ",12
"GO:0007143","female meiotic nuclear division","11/802","50/21338",0.22,5.85331670822943,6.78972428418551,1.92919114928239e-06,9.72195418562612e-05,8.83879283599982e-05,"PLK1/NDC80/TRIP13/NCAPH/NCAPH2/AURKA/TOP2A/CCNB2/TTK/SKA1/SKA3",11
"GO:0000725","recombinational repair","24/802","215/21338",0.111627906976744,2.96997042278026,5.73716144306217,2.04360197254106e-06,0.000101955302410074,9.26934831545205e-05,"PLK1/CDC45/MORF4L1/HELLS/MCM5/GEN1/XRCC2/RECQL4/CHEK1/RAD51AP1/BLM/RTEL1/MCM4/XRCC3/RAD54L/GINS4/MCM7/TONSL/ZGRF1/REC8/BRCA2/ING3/FANCB/POLQ",24
"GO:0000022","mitotic spindle elongation","6/802","12/21338",0.5,13.3029925187032,8.42447053038811,2.10569443654013e-06,0.000104012965781175,9.45642243569714e-05,"KIF23/AURKB/KIF4A/CDCA8/RACGAP1/BIRC5",6
"GO:0007076","mitotic chromosome condensation","7/802","18/21338",0.388888888888889,10.3467719589914,7.839714266358,2.28529397106879e-06,0.000111777760996688,0.000101623650374979,"PLK1/NCAPG/SMC4/NCAPH/NCAPH2/NCAPD2/SMC2",7
"GO:0034508","centromere complex assembly","9/802","34/21338",0.264705882352941,7.04276074519583,6.9685146278167,3.22138312016476e-06,0.000156033790160214,0.000141859375215023,"CENPE/DLGAP5/CENPF/HJURP/CENPI/CENPA/CENPK/CENPP/MIS18BP1",9
"GO:0045842","positive regulation of mitotic metaphase/anaphase transition","7/802","19/21338",0.368421052631579,9.80220501378134,7.58544039640811,3.50104491251475e-06,0.000167949164120539,0.000152692333279616,"CDC20/ESPL1/UBE2C/DLGAP5/ANAPC11/SKA1/SKA3",7
"GO:0000086","G2/M transition of mitotic cell cycle","20/802","164/21338",0.121951219512195,3.24463232163494,5.70245171782702,3.7280137608212e-06,0.000177133910978447,0.000161042719753168,"CDC20/PLK1/CCNB1/AURKB/CENPF/KIF14/TICRR/CDK1/CCNA2/PKMYT1/CHEK1/AURKA/BLM/CLSPN/BIRC5/ORC1/CDKN1A/CDC25C/BARD1/WEE1",20
"GO:0032728","positive regulation of interferon-beta production","10/802","44/21338",0.227272727272727,6.04681478122875,6.62233299170897,4.13520401948807e-06,0.00019462766842666,0.000176947310029534,"OAS1/HMGB2/OAS2/POLR3G/HMGB1/ISG15/IRF5/RIGI/IFIH1/IRF1",10
"GO:0000724","double-strand break repair via homologous recombination","23/802","209/21338",0.110047846889952,2.92793136775287,5.53504525236038,4.22808932204549e-06,0.000197139603997056,0.000179231056455426,"PLK1/CDC45/MORF4L1/HELLS/MCM5/GEN1/XRCC2/RECQL4/CHEK1/RAD51AP1/BLM/RTEL1/MCM4/XRCC3/RAD54L/GINS4/MCM7/TONSL/REC8/BRCA2/ING3/FANCB/POLQ",23
"GO:0045005","DNA-templated DNA replication maintenance of fidelity","12/802","66/21338",0.181818181818182,4.837451824983,6.17030564054899,5.57206745017745e-06,0.000256224609712521,0.000232948664588675,"CDK1/GEN1/PCNA/BLM/RTEL1/DNA2/TIPIN/TONSL/EME1/BRCA2/BARD1/POLQ",12
"GO:0010389","regulation of G2/M transition of mitotic cell cycle","17/802","127/21338",0.133858267716535,3.56143106799929,5.72136817984383,5.59801211839342e-06,0.000256224609712521,0.000232948664588675,"PLK1/CCNB1/AURKB/CENPF/KIF14/TICRR/CDK1/PKMYT1/CHEK1/AURKA/BLM/CLSPN/ORC1/CDKN1A/CDC25C/BARD1/WEE1",17
"GO:1902749","regulation of cell cycle G2/M phase transition","18/802","141/21338",0.127659574468085,3.39650872817955,5.6421847970143,5.91400706044445e-06,0.000268227102041431,0.000243860827018709,"PLK1/CCNB1/AURKB/CENPF/KIF14/TICRR/CDK1/PKMYT1/CHEK1/AURKA/BLM/CLSPN/ATAD5/ORC1/CDKN1A/CDC25C/BARD1/WEE1",18
"GO:0007292","female gamete generation","22/802","199/21338",0.110552763819095,2.94136518001479,5.43735250917188,6.3125155589647e-06,0.00028372198309617,0.000257948122746125,"INHBB/PLK1/NDC80/ASPM/CCNB1/TRIP13/NCAPH/NCAPH2/AURKA/TOP2A/CCNB2/TTK/MDK/PAQR5/SKA1/WNT4/SKA3/ANG/REC8/BRCA2/ZP3/TDRD7",22
"GO:0051255","spindle midzone assembly","6/802","14/21338",0.428571428571429,11.4025650160313,7.69424577345123,6.4145574848019e-06,0.000285734172247113,0.000259777520695596,"KIF23/AURKB/KIF4A/CDCA8/RACGAP1/BIRC5",6
"GO:1902101","positive regulation of metaphase/anaphase transition of cell cycle","7/802","21/21338",0.333333333333333,8.86866167913549,7.12924291134915,7.56424186326011e-06,0.000333964625272608,0.000303626624953776,"CDC20/ESPL1/UBE2C/DLGAP5/ANAPC11/SKA1/SKA3",7
"GO:0051653","spindle localization","12/802","68/21338",0.176470588235294,4.69517383013056,6.03116930229324,7.69407809816826e-06,0.000336717154664574,0.000306129109187507,"SAPCD2/SPDL1/PLK1/ESPL1/NDC80/ASPM/MAD2L1/SPAG5/SKA1/CENPA/SKA3/GPSM1",12
"GO:0006275","regulation of DNA replication","18/802","145/21338",0.124137931034483,3.30281193567805,5.49847416395524,8.78560409589786e-06,0.000381142424647256,0.000346518700679395,"DBF4/TICRR/CDK1/MCM5/CCNA2/PCNA/CDT1/DSCC1/DNA2/MCM4/TIPIN/MCM7/E2F8/ATAD5/E2F7/CDKN1A/ESCO2/WEE1",18
"GO:0045740","positive regulation of DNA replication","10/802","49/21338",0.204081632653061,5.42979286477683,6.13479087915626,1.15548408397436e-05,0.000492710264525477,0.000447951499581243,"DBF4/CDK1/PCNA/CDT1/DNA2/E2F8/ATAD5/E2F7/CDKN1A/WEE1",10
"GO:0051294","establishment of spindle orientation","10/802","49/21338",0.204081632653061,5.42979286477683,6.13479087915626,1.15548408397436e-05,0.000492710264525477,0.000447951499581243,"SAPCD2/SPDL1/PLK1/NDC80/MAD2L1/SPAG5/SKA1/CENPA/SKA3/GPSM1",10
"GO:0045071","negative regulation of viral genome replication","11/802","60/21338",0.183333333333333,4.87776392352452,5.94411938883656,1.25679572511408e-05,0.000531368972253741,0.000483098374622353,"IFITM1/OAS1/MX1/IFIT1/OAS2/SLPI/ISG15/IFIH1/OASL/RSAD2/CCL5",11
"GO:0051782","negative regulation of cell division","6/802","16/21338",0.375,9.97724438902743,7.09880105139765,1.60347561106932e-05,0.000672247044002085,0.000611178806554417,"ASPM/AURKB/SUSD2/BLM/E2F8/E2F7",6
"GO:0051785","positive regulation of nuclear division","12/802","73/21338",0.164383561643836,4.37358658149148,5.70579983410511,1.63572929724449e-05,0.000680054455329397,0.000618276977353202,"CDC20/ESPL1/UBE2C/DLGAP5/ANAPC11/RAD51AP1/AURKA/SKA1/PHIP/WNT4/IL1B/SKA3",12
"GO:0031570","DNA integrity checkpoint signaling","18/802","152/21338",0.118421052631579,3.15070875442971,5.25865703964476,1.69296594549943e-05,0.000698033644801376,0.000634622902058029,"PLK1/CDC45/TICRR/CDK1/CHEK1/MSH2/BLM/CDT1/DNA2/MUC1/TIPIN/EME1/CLSPN/ORC1/CDKN1A/BRCA2/BRIP1/BARD1",18
"GO:0051293","establishment of spindle localization","11/802","63/21338",0.174603174603175,4.64548945097573,5.7264737084304,2.03823740524149e-05,0.000833505443831949,0.00075778817766916,"SAPCD2/SPDL1/PLK1/ESPL1/NDC80/MAD2L1/SPAG5/SKA1/CENPA/SKA3/GPSM1",11
"GO:0007019","microtubule depolymerization","10/802","53/21338",0.188679245283019,5.01999717686915,5.79058966063504,2.39360246417364e-05,0.000957635660995754,0.000870642162912239,"AURKB/KIF18A/TPX2/TRPV4/KIF2C/KIF18B/STMN1/BMERB1/DIAPH3/CKAP2",10
"GO:0090306","meiotic spindle assembly","6/802","17/21338",0.352941176470588,9.39034766026111,6.83906241198724,2.39936776156483e-05,0.000957635660995754,0.000870642162912239,"NDC80/ASPM/AURKA/CCNB2/SKA1/SKA3",6
"GO:1902969","mitotic DNA replication","6/802","17/21338",0.352941176470588,9.39034766026111,6.83906241198724,2.39936776156483e-05,0.000957635660995754,0.000870642162912239,"CDC45/LIG1/CDK1/POLA1/MCM4/BRCA2",6
"GO:0031109","microtubule polymerization or depolymerization","19/802","171/21338",0.111111111111111,2.95622055971183,5.0755388246965,2.47530110259981e-05,0.000980101365148448,0.000891067038521519,"TPPP3/TUBB4A/AURKB/KIF18A/CDK1/TPX2/TRPV4/KIF2C/KIF18B/PSRC1/STMN1/BMERB1/DIAPH3/SKA1/SKA3/CKAP2/MAPRE3/TPPP/MAPT",19
"GO:0007127","meiosis I","18/802","157/21338",0.114649681528662,3.05036771129501,5.09570508388427,2.63412335472943e-05,0.00103477491470434,0.000940773935808462,"PLK1/ESPL1/NDC80/ZWINT/KNL1/TRIP13/RAD51AP1/AURKA/TOP2A/CCNB2/CCNE2/CKS2/RAD54L/EME1/PSMC3IP/REC8/BRCA2/BRIP1",18
"GO:0000212","meiotic spindle organization","7/802","25/21338",0.28,7.44967581047382,6.37648778953284,2.74162984776206e-05,0.00106859307113163,0.000971519984704498,"ESPL1/NDC80/ASPM/AURKA/CCNB2/SKA1/SKA3",7
"GO:0032465","regulation of cytokinesis","14/802","102/21338",0.137254901960784,3.65180186787932,5.30518746299117,2.77658767487066e-05,0.00107382914030463,0.00097628039910385,"KIF20A/PLK1/KIF23/AURKB/KIF14/CIT/KIF20B/CDCA8/AURKA/RACGAP1/E2F8/BIRC5/E2F7/BRCA2",14
"GO:0045840","positive regulation of mitotic nuclear division","10/802","55/21338",0.181818181818182,4.837451824983,5.6312368423446,3.35495924773021e-05,0.00128753012976354,0.00117056837234571,"CDC20/ESPL1/UBE2C/DLGAP5/ANAPC11/AURKA/SKA1/PHIP/IL1B/SKA3",10
"GO:0000727","double-strand break repair via break-induced replication","5/802","12/21338",0.416666666666667,11.0858270989194,6.90626715738195,4.70668615090711e-05,0.00179249291655539,0.00162965935108547,"CDC45/MCM5/MCM4/GINS4/MCM7",5
"GO:0000076","DNA replication checkpoint signaling","7/802","28/21338",0.25,6.65149625935162,5.91352817319302,6.11985663109738e-05,0.002295636446056,0.00208709633742767,"CDC45/TICRR/CDT1/DNA2/TIPIN/CLSPN/ORC1",7
"GO:0052547","regulation of peptidase activity","7/802","28/21338",0.25,6.65149625935162,5.91352817319302,6.11985663109738e-05,0.002295636446056,0.00208709633742767,"SERPINB3/VSIR/RCN3/SERPINB1/PRSS22/SERPINB9/SERPINB4",7
"GO:0031055","chromatin remodeling at centromere","5/802","13/21338",0.384615384615385,10.2330711682333,6.58065729332573,7.41174042395404e-05,0.0027390498500079,0.00249022919975189,"HJURP/CENPI/CENPA/CENPP/MIS18BP1",5
"GO:0034080","CENP-A containing chromatin assembly","5/802","13/21338",0.384615384615385,10.2330711682333,6.58065729332573,7.41174042395404e-05,0.0027390498500079,0.00249022919975189,"HJURP/CENPI/CENPA/CENPP/MIS18BP1",5
"GO:0090329","regulation of DNA-templated DNA replication","9/802","50/21338",0.18,4.78907730673317,5.3008677881168,8.98106504479818e-05,0.00329459805209545,0.00299531031563741,"DBF4/TICRR/MCM5/CDT1/MCM4/TIPIN/MCM7/E2F8/E2F7",9
"GO:0051445","regulation of meiotic cell cycle","11/802","74/21338",0.148648648648649,3.95494372177664,5.03197560457239,9.50679897926076e-05,0.00346200146770306,0.00314750647726735,"CDC20/ASPM/ZWINT/ANAPC11/KNL1/PKMYT1/TRIP13/RAD51AP1/TTK/WNT4/CDC25C",11
"GO:1903900","regulation of viral life cycle","16/802","143/21338",0.111888111888112,2.97689343075877,4.68738365658393,9.75186615084844e-05,0.00350363019457747,0.00318535356910135,"IFITM1/OAS1/MX1/IFIT1/OAS2/TOP2A/HMGB1/KPNA2/SLPI/ISG15/SMPD1/IFIH1/OASL/TRIM15/RSAD2/CCL5",16
"GO:0051298","centrosome duplication","12/802","87/21338",0.137931034482759,3.66979103964227,4.93109247045205,9.76156738918155e-05,0.00350363019457747,0.00318535356910135,"NDC80/CCNF/GEN1/XRCC3/POC1A/STIL/WDR90/PLK4/CEP135/WDR62/BRCA2/SASS6",12
"GO:0007056","spindle assembly involved in female meiosis","5/802","14/21338",0.357142857142857,9.50213751335946,6.28859666117467,0.000111730096881062,0.00395638856386243,0.00359698248181436,"NDC80/AURKA/CCNB2/SKA1/SKA3",5
"GO:0007062","sister chromatid cohesion","10/802","63/21338",0.158730158730159,4.22317222815976,5.06308172620268,0.000111816153037603,0.00395638856386243,0.00359698248181436,"CDC20/PLK1/ESPL1/BUB1B/SGO2/DSCC1/BUB1/REC8/ESCO2/SGO1",10
"GO:0051299","centrosome separation","6/802","22/21338",0.272727272727273,7.2561777374745,5.80180994376649,0.000123132411544951,0.0042958573510333,0.00390561325982477,"PLK1/KIF11/CHEK1/KIF15/AURKA/NEK2",6
"GO:0072520","seminiferous tubule development","6/802","22/21338",0.272727272727273,7.2561777374745,5.80180994376649,0.000123132411544951,0.0042958573510333,0.00390561325982477,"INHBB/KIF18A/ADGRG1/REC8/ODAD3/BRIP1",6
"GO:0032481","positive regulation of type I interferon production","14/802","117/21338",0.11965811965812,3.18362214122813,4.68040497572196,0.000127828493719429,0.00442872468865437,0.00402641066839926,"OAS1/HMGB2/OAS2/POLR3G/HMGB1/KPNA2/ISG15/CD14/IRF5/RIGI/IFIH1/IRF1/TRIM15/XAF1",14
"GO:0010972","negative regulation of G2/M transition of mitotic cell cycle","12/802","90/21338",0.133333333333333,3.5474646716542,4.78592987278959,0.000136030558291067,0.00464833188571324,0.00422606831778087,"PLK1/AURKB/TICRR/CDK1/PKMYT1/CHEK1/BLM/CLSPN/ORC1/CDKN1A/BARD1/WEE1",12
"GO:0045069","regulation of viral genome replication","12/802","90/21338",0.133333333333333,3.5474646716542,4.78592987278959,0.000136030558291067,0.00464833188571324,0.00422606831778087,"IFITM1/OAS1/MX1/IFIT1/OAS2/TOP2A/SLPI/ISG15/IFIH1/OASL/RSAD2/CCL5",12
"GO:0000082","G1/S transition of mitotic cell cycle","23/802","261/21338",0.0881226053639847,2.34458871977145,4.3191795111318,0.000144566315140978,0.00490640371590707,0.00446069639772627,"RRM2/IQGAP3/DBF4/RBL1/CCNB1/KIF14/CDKN2B/CCNF/CDK1/CDKN3/CCNA2/RCC1/EZH2/CCNB2/CCNE2/MUC1/CDKN2C/STIL/E2F7/CDKN1A/DACT1/SASS6/WEE1",23
"GO:0044843","cell cycle G1/S phase transition","25/802","296/21338",0.0844594594594595,2.24712711464582,4.26981446277093,0.000148400807031446,0.00500251098837759,0.00454807309742888,"RRM2/IQGAP3/DBF4/RBL1/CCNB1/KIF14/CDKN2B/CCNF/CDK1/CDKN3/CCNA2/RCC1/EZH2/FAM83D/SUSD2/CCNB2/CCNE2/MUC1/CDKN2C/STIL/E2F7/CDKN1A/DACT1/SASS6/WEE1",25
"GO:0051338","regulation of transferase activity","27/802","332/21338",0.0813253012048193,2.163739747018,4.22327307771998,0.000153617055926194,0.00514359390614618,0.00467633976676771,"SERPINB3/HEG1/CDC20/PLK1/CENPE/CDK5R2/NEDD9/UBE2C/RBL1/GPRC5A/KIF14/CDKN3/TPX2/PKMYT1/PCNA/EZH2/RFC3/MAD2L1/BLM/DSCC1/CCNE2/CLSPN/FGF2/PRKN/CDKN1A/CDC25C/GPRC5B",27
"GO:0090235","regulation of metaphase plate congression","5/802","15/21338",0.333333333333333,8.86866167913549,6.02446220004711,0.000162419744160818,0.0054020806907888,0.00491134510588746,"AURKB/CDK1/CDCA8/SPAG5/BIRC5",5
"GO:1902750","negative regulation of cell cycle G2/M phase transition","12/802","92/21338",0.130434782608696,3.47034587444432,4.69255123750989,0.000168281198694907,0.00555996622707875,0.00505488801098887,"PLK1/AURKB/TICRR/CDK1/PKMYT1/CHEK1/BLM/CLSPN/ORC1/CDKN1A/BARD1/WEE1",12
"GO:0040001","establishment of mitotic spindle localization","8/802","43/21338",0.186046511627907,4.94995070463376,5.12369201196743,0.000173424873194028,0.00569221508134871,0.00517512312045059,"SAPCD2/SPDL1/PLK1/ESPL1/NDC80/MAD2L1/CENPA/GPSM1",8
"GO:0030174","regulation of DNA-templated DNA replication initiation","5/802","16/21338",0.3125,8.31437032418953,5.78387503977639,0.000228958375092693,0.00741735930738601,0.0067435518679044,"TICRR/MCM5/CDT1/MCM4/MCM7",5
"GO:1901993","regulation of meiotic cell cycle phase transition","5/802","16/21338",0.3125,8.31437032418953,5.78387503977639,0.000228958375092693,0.00741735930738601,0.0067435518679044,"ZWINT/KNL1/PKMYT1/TTK/CDC25C",5
"GO:0032608","interferon-beta production","10/802","69/21338",0.144927536231884,3.85593986049369,4.69565307295219,0.000242923490263861,0.00776888008286156,0.0070631398080093,"OAS1/HMGB2/OAS2/POLR3G/HMGB1/ISG15/IRF5/RIGI/IFIH1/IRF1",10
"GO:0032648","regulation of interferon-beta production","10/802","69/21338",0.144927536231884,3.85593986049369,4.69565307295219,0.000242923490263861,0.00776888008286156,0.0070631398080093,"OAS1/HMGB2/OAS2/POLR3G/HMGB1/ISG15/IRF5/RIGI/IFIH1/IRF1",10
"GO:0090224","regulation of spindle organization","9/802","57/21338",0.157894736842105,4.20094500590629,4.78206593289982,0.000255079837636513,0.00810568987241125,0.00736935313694761,"PLK1/TACC3/BORA/TPX2/RCC1/PSRC1/SPAG5/STIL/SASS6",9
"GO:0034501","protein localization to kinetochore","5/802","17/21338",0.294117647058824,7.82528971688426,5.56336688820991,0.000314360332374794,0.00986379684413741,0.00896775022974504,"SPDL1/AURKB/CDK1/KNL1/TTK",5
"GO:1903083","protein localization to condensed chromosome","5/802","17/21338",0.294117647058824,7.82528971688426,5.56336688820991,0.000314360332374794,0.00986379684413741,0.00896775022974504,"SPDL1/AURKB/CDK1/KNL1/TTK",5
"GO:2001252","positive regulation of chromosome organization","14/802","128/21338",0.109375,2.91002961346633,4.28322300246347,0.000330800567938756,0.0103147752090403,0.00937776083715855,"NCAPG/AURKB/SMC4/CDK1/NCAPG2/NCAPH/NCAPH2/NCAPD2/NEK2/RTEL1/SMC2/BUB1/SKA1/SKA3",14
"GO:0008315","G2/MI transition of meiotic cell cycle","4/802","10/21338",0.4,10.6423940149626,6.02706316322416,0.000346942428576759,0.0105542425376186,0.00959547448483474,"NDC80/PKMYT1/CCNB2/CDC25C",4
"GO:0033313","meiotic cell cycle checkpoint signaling","4/802","10/21338",0.4,10.6423940149626,6.02706316322416,0.000346942428576759,0.0105542425376186,0.00959547448483474,"ZWINT/KNL1/TRIP13/TTK",4
"GO:0062033","positive regulation of mitotic sister chromatid segregation","4/802","10/21338",0.4,10.6423940149626,6.02706316322416,0.000346942428576759,0.0105542425376186,0.00959547448483474,"AURKB/CDK1/SKA1/SKA3",4
"GO:1902423","regulation of attachment of mitotic spindle microtubules to kinetochore","4/802","10/21338",0.4,10.6423940149626,6.02706316322416,0.000346942428576759,0.0105542425376186,0.00959547448483474,"AURKB/CDK1/CDCA8/BIRC5",4
"GO:0044774","mitotic DNA integrity checkpoint signaling","12/802","101/21338",0.118811881188119,3.16110713315721,4.30215779161629,0.000406558859585868,0.0122928615180236,0.0111761539135917,"PLK1/TICRR/CDK1/CHEK1/MSH2/BLM/MUC1/TIPIN/EME1/CLSPN/ORC1/CDKN1A",12
"GO:0042325","regulation of phosphorylation","33/802","467/21338",0.0706638115631692,1.88008031313579,3.80018773858042,0.000417597427085704,0.0125278875754542,0.0113898297438854,"SERPINB3/HEG1/CENPE/CDK5R2/NEDD9/RBL1/GPRC5A/KIF14/CDKN3/TPX2/PKMYT1/CADM4/EZH2/BLM/CCNE2/MCM7/CLSPN/FGF2/PHIP/HES1/PRKN/ANG/INHA/CDKN1A/SMO/CDC25C/BARD1/GPRC5B/DSCAM/CSPG4/APLN/IGFBP3/C3",33
"GO:0034310","primary alcohol catabolic process","5/802","18/21338",0.277777777777778,7.39055139927958,5.36014970672638,0.000421865125812048,0.0125278875754542,0.0113898297438854,"ALDH3B1/ALDH3B2/ACSS2/SULT1A1/AKR1C3",5
"GO:0051382","kinetochore assembly","5/802","18/21338",0.277777777777778,7.39055139927958,5.36014970672638,0.000421865125812048,0.0125278875754542,0.0113898297438854,"CENPE/DLGAP5/CENPF/CENPA/CENPK",5
"GO:0051054","positive regulation of DNA metabolic process","26/802","336/21338",0.0773809523809524,2.05879646122788,3.86587429050997,0.00043588940060374,0.0128059480370509,0.0116426306488279,"DBF4/GATA5/AURKB/MORF4L1/NSD2/CDK1/CCNA2/PCNA/MSH2/RAD51AP1/RFC3/HMGB1/CDT1/NEK2/RTEL1/DSCC1/DNA2/E2F8/FGF2/ATAD5/E2F7/CDKN1A/ING3/FGFR4/FANCB/WEE1",26
"GO:0071897","DNA biosynthetic process","17/802","179/21338",0.0949720670391061,2.52682539461402,4.05381808442871,0.000436362230166097,0.0128059480370509,0.0116426306488279,"TYMS/PIF1/LIG1/CENPF/CDK1/POLA1/CCNA2/PCNA/RFC3/DSCC1/POLE2/PCLAF/POLD4/FGF2/CDKN1A/FGFR4/POLQ",17
"GO:0000132","establishment of mitotic spindle orientation","7/802","38/21338",0.184210526315789,4.90110250689067,4.75647582381819,0.000470383771742985,0.0137236528492734,0.0124769693594369,"SAPCD2/SPDL1/PLK1/NDC80/MAD2L1/CENPA/GPSM1",7
"GO:0046605","regulation of centrosome cycle","9/802","62/21338",0.145161290322581,3.8621591183332,4.46005858096999,0.000486691169541859,0.0141168735165368,0.0128344690915292,"CCNF/GEN1/AURKA/XRCC3/POC1A/STIL/PLK4/WDR62/SASS6",9
"GO:0031110","regulation of microtubule polymerization or depolymerization","13/802","118/21338",0.110169491525424,2.9311678431041,4.15704063678613,0.000497655801543413,0.0143514727971103,0.0130477569142109,"TUBB4A/AURKB/TPX2/TRPV4/PSRC1/STMN1/BMERB1/DIAPH3/SKA1/SKA3/CKAP2/MAPRE3/MAPT",13
"GO:0007077","mitotic nuclear membrane disassembly","4/802","11/21338",0.363636363636364,9.674903649966,5.68711555831282,0.000529004935251754,0.0150811749826914,0.0137111715248109,"PLK1/CDK1/CHEK1/WEE1",4
"GO:0090657","telomeric loop disassembly","4/802","11/21338",0.363636363636364,9.674903649966,5.68711555831282,0.000529004935251754,0.0150811749826914,0.0137111715248109,"RECQL4/BLM/RTEL1/XRCC3",4
"GO:0051781","positive regulation of cell division","12/802","104/21338",0.115384615384615,3.06992135046998,4.18167755932569,0.000532225443063351,0.0150867769059265,0.0137162645583731,"LBH/KIF23/AURKB/KIF14/CIT/KIF20B/CDCA8/RACGAP1/MDK/FGF2/BIRC5/IL1B",12
"GO:0071103","DNA conformation change","5/802","19/21338",0.263157894736842,7.00157500984381,5.17195287436116,0.000554918515529379,0.0156411778190739,0.0142203026072917,"HMGB2/TOP2A/HMGB1/BLM/DNA2",5
"GO:0043085","positive regulation of catalytic activity","27/802","361/21338",0.074792243767313,1.98992131858719,3.74868133593616,0.000578158144637712,0.0162046684471772,0.0147326046436659,"SERPINB3/TGM2/CDC20/PLK1/CENPE/NEDD9/UBE2C/VSIR/KIF14/ARHGAP11A/RCN3/PRTN3/TPX2/PCNA/PRSS22/EZH2/RFC3/RASGRP2/DSCC1/EVI5L/CLSPN/FGF2/AZIN2/RAPGEF3/CDKN1A/GPRC5B/FGFR4",27
"GO:0043588","skin development","27/802","363/21338",0.0743801652892562,1.97895756476577,3.71759546232149,0.000628938333432424,0.0175294600306948,0.0159370495663647,"PPL/WNT10A/KRT81/KRT86/AQP3/CLDN4/CLDN1/KRT80/SLC2A10/COL5A3/RYR1/EZH2/PALLD/STMN1/SCEL/MAFB/NGFR/IGFBP5/LAMA5/CDKN1A/SMO/HOXC13/DLL1/FLNB/COL1A1/AKR1C3/FST",27
"GO:0048599","oocyte development","10/802","78/21338",0.128205128205128,3.41102372274442,4.21563585576842,0.000663880872414271,0.0184005648470822,0.016729021515983,"INHBB/CCNB1/TRIP13/AURKA/WNT4/ANG/REC8/BRCA2/ZP3/TDRD7",10
"GO:0060236","regulation of mitotic spindle organization","8/802","52/21338",0.153846153846154,4.0932284672933,4.4132911184817,0.000668341057372266,0.0184218427360787,0.0167483664798901,"PLK1/TACC3/BORA/TPX2/RCC1/PSRC1/STIL/SASS6",8
"GO:0048732","gland development","34/802","500/21338",0.068,1.80920698254364,3.61836639923999,0.000680584269103964,0.0186227614411891,0.0169310333365159,"TGM2/INHBB/WNT10A/LBH/IQGAP3/OAS2/CLDN1/PSAPL1/SOCS2/PCNA/EZH2/NEURL1/AURKA/SRSF1/CCNB2/STAT5A/CEBPA/MDK/MAFB/ELF3/E2F8/IGFBP5/FGF2/WNT4/HES1/E2F7/DBP/PCSK9/LAMA5/SMO/BRCA2/APLN/CSF1/NKX2-5",34
"GO:0051336","regulation of hydrolase activity","18/802","203/21338",0.0886699507389163,2.35915138262718,3.84512673828723,0.000683095879682825,0.0186227614411891,0.0169310333365159,"SERPINB3/TGM2/VSIR/ARHGAP11A/RCN3/SERPINB1/PRTN3/PRSS22/EZH2/HMGB1/SERPINB9/RASGRP2/STMN1/SERPINB4/EVI5L/NGEF/RAPGEF3/GPSM1",18
"GO:0048639","positive regulation of developmental growth","17/802","187/21338",0.0909090909090909,2.4187259124915,3.85078956780966,0.00071947140028405,0.0195078413913974,0.0177357108914415,"CCNB1/CDK1/RIMS2/STAT5A/FGF2/PRKN/SMO/SPTBN4/DSCAM/RND2/ZP3/SYT17/DLL1/MAPT/CRABP2/SYT3/CSF1",17
"GO:0031099","regeneration","18/802","204/21338",0.0882352941176471,2.34758691506528,3.82187916903895,0.000723580004344308,0.0195131926576959,0.017740576038234,"DUSP10/CCNB1/CLDN1/CCNA2/PCNA/EZH2/AURKA/DHFR/FOLR1/SRSF1/CEBPA/RTN4RL1/MDK/LGR6/SCARF1/CDKN1A/MATN2/B4GALNT2",18
"GO:0051261","protein depolymerization","13/802","125/21338",0.104,2.76702244389027,3.91554267082493,0.000862001312112456,0.0230796193728936,0.0209830215690938,"AURKB/KIF18A/TPX2/TRPV4/KIF2C/KIF18B/STMN1/BMERB1/DIAPH3/HSPA8/SPTBN4/CKAP2/TMOD2",13
"GO:0032506","cytokinetic process","8/802","54/21338",0.148148148148148,3.94162741294911,4.27714382001467,0.000865080942619983,0.0230796193728936,0.0209830215690938,"IQGAP3/KIF20A/ANLN/AURKB/CEP55/KIF20B/KLHDC8B/RACGAP1",8
"GO:0000731","DNA synthesis involved in DNA repair","7/802","42/21338",0.166666666666667,4.43433083956775,4.40264522859961,0.000882764739153281,0.023426134487424,0.0212980585722928,"POLA1/PCNA/RFC3/POLE2/PCLAF/POLD4/POLQ",7
"GO:0051447","negative regulation of meiotic cell cycle","5/802","21/21338",0.238095238095238,6.33475834223964,4.8334506738319,0.000912362758318886,0.0239567252697522,0.0217804494492858,"ZWINT/KNL1/PKMYT1/TRIP13/TTK",5
"GO:0071639","positive regulation of monocyte chemotactic protein-1 production","5/802","21/21338",0.238095238095238,6.33475834223964,4.8334506738319,0.000912362758318886,0.0239567252697522,0.0217804494492858,"OAS1/TRPV4/HMGB1/IL1B/CLEC7A",5
"GO:0051098","regulation of binding","12/802","111/21338",0.108108108108108,2.87632270674665,3.9167030723869,0.000956734064818209,0.0249902944993615,0.0227201272267934,"DNAJB2/HJURP/AURKA/HMGB1/SLPI/CDT1/STMN1/HES1/SMO/ITGA4/TMC8/GPSM1",12
"GO:0044818","mitotic G2/M transition checkpoint","9/802","68/21338",0.132352941176471,3.52138037259792,4.11533329734585,0.000967949509930274,0.0251515630470945,0.0228667458239559,"PLK1/TICRR/CDK1/CHEK1/BLM/CLSPN/ORC1/CDKN1A/BARD1",9
"GO:0021700","developmental maturation","28/802","393/21338",0.0712468193384224,1.89559180928087,3.54129528183506,0.000978287550410701,0.0251897786661287,0.0229014898613473,"SLC17A7/BAIAP3/CDC20/CDK5R2/CCNB1/KIF14/PALM/TRIP13/RYR1/NEURL1/AURKA/SEZ6L2/CAMK2B/CEBPA/DIAPH3/PHOSPHO1/NFATC4/HES1/SCARF1/ANG/REC8/SPTBN4/BRCA2/GREM1/CLEC7A/XYLT1/C3/TDRD7",28
"GO:0032467","positive regulation of cytokinesis","8/802","55/21338",0.145454545454545,3.8699614599864,4.21150113321777,0.000979518352621561,0.0251897786661287,0.0229014898613473,"KIF23/AURKB/KIF14/CIT/KIF20B/CDCA8/RACGAP1/BIRC5",8
"GO:0009994","oocyte differentiation","10/802","82/21338",0.121951219512195,3.24463232163494,4.02445710387852,0.0009867371527681,0.0252452905392823,0.0229519589272753,"INHBB/CCNB1/TRIP13/AURKA/WNT4/ANG/REC8/BRCA2/ZP3/TDRD7",10
"GO:0000077","DNA damage checkpoint signaling","14/802","143/21338",0.0979020979020979,2.60478175191392,3.80507499254438,0.00100934891806401,0.0256920497562313,0.0233581336623943,"PLK1/TICRR/CDK1/CHEK1/MSH2/BLM/MUC1/TIPIN/EME1/CLSPN/CDKN1A/BRCA2/BRIP1/BARD1",14
"GO:0071398","cellular response to fatty acid","7/802","43/21338",0.162790697674419,4.33120686655454,4.32108633466075,0.00102069193531202,0.0257183437639984,0.0233820390710235,"CCNB1/CLDN1/AKR1C1/HES1/IRS1/PDK4/AKR1C3",7
"GO:0071459","protein localization to chromosome, centromeric region","7/802","43/21338",0.162790697674419,4.33120686655454,4.32108633466075,0.00102069193531202,0.0257183437639984,0.0233820390710235,"SPDL1/BUB1B/AURKB/CDK1/KNL1/TTK/CENPA",7
"GO:0048525","negative regulation of viral process","12/802","112/21338",0.107142857142857,2.85064125400784,3.88054840799858,0.0010357137813187,0.0258593331427616,0.0235102206986232,"IFITM1/OAS1/MX1/IFIT1/OAS2/SLPI/ISG15/IFIH1/OASL/TRIM15/RSAD2/CCL5",12
"GO:0044773","mitotic DNA damage checkpoint signaling","11/802","97/21338",0.11340206185567,3.017173560943,3.93493524500687,0.00103665396443221,0.0258593331427616,0.0235102206986232,"PLK1/TICRR/CDK1/CHEK1/MSH2/BLM/MUC1/TIPIN/EME1/CLSPN/CDKN1A",11
"GO:0019058","viral life cycle","26/802","357/21338",0.0728291316526611,1.93769078703801,3.53082831020726,0.00106739763469469,0.0263938534809278,0.0239961841629096,"SERPINB3/IFITM1/CLDN9/OAS1/MX1/IFIT1/NECTIN4/OAS2/CLDN1/CDK1/TOP2A/HMGB1/KPNA2/SLPI/ISG15/SMPD1/IFIH1/ICAM1/GBP2/OASL/PRKN/EFNB3/TRIM15/RSAD2/VPS37D/CCL5",26
"GO:0010952","positive regulation of peptidase activity","4/802","13/21338",0.307692307692308,8.18645693458661,5.12198047410999,0.00107924355784912,0.0263938534809278,0.0239961841629096,"SERPINB3/VSIR/RCN3/PRSS22",4
"GO:0051987","positive regulation of attachment of spindle microtubules to kinetochore","4/802","13/21338",0.307692307692308,8.18645693458661,5.12198047410999,0.00107924355784912,0.0263938534809278,0.0239961841629096,"CCNB1/AURKB/CDCA8/BIRC5",4
"GO:0061523","cilium disassembly","4/802","13/21338",0.307692307692308,8.18645693458661,5.12198047410999,0.00107924355784912,0.0263938534809278,0.0239961841629096,"NEDD9/RRP7A/CDK1/AURKA",4
"GO:0001938","positive regulation of endothelial cell proliferation","12/802","113/21338",0.106194690265487,2.82541434025556,3.84479125077825,0.00112003559777081,0.0272578419379442,0.0247816862171728,"HMGB2/LRG1/HMGB1/STAT5A/EGFL7/MDK/POLD4/FGF2/HMOX1/ANG/ITGA4/APLN",12
"GO:0006883","intracellular sodium ion homeostasis","5/802","22/21338",0.227272727272727,6.04681478122875,4.68027946308008,0.00114448933089945,0.0277177537468804,0.0251998187370758,"SCNN1A/ATP1B2/SLC8A1/ATP12A/SCNN1D",5
"GO:0036297","interstrand cross-link repair","7/802","44/21338",0.159090909090909,4.23277034686012,4.2419788818598,0.00117500150349379,0.02831923913493,0.0257466640150253,"FANCA/RAD51AP1/NEIL3/XRCC3/FANCI/BRIP1/FANCB",7
"GO:0019079","viral genome replication","13/802","130/21338",0.1,2.66059850374065,3.7530331110287,0.00124134496829715,0.0296319140996865,0.0269400930163305,"IFITM1/OAS1/MX1/IFIT1/OAS2/TOP2A/SLPI/ISG15/IFIH1/OASL/PRKN/RSAD2/CCL5",13
"GO:0032963","collagen metabolic process","13/802","130/21338",0.1,2.66059850374065,3.7530331110287,0.00124134496829715,0.0296319140996865,0.0269400930163305,"CREB3L1/MMP28/P3H2/VSIR/RCN3/PRTN3/ID1/SERPINF2/MRC2/MMP25/MMP11/WNT4/COL1A1",13
"GO:1902751","positive regulation of cell cycle G2/M phase transition","6/802","33/21338",0.181818181818182,4.837451824983,4.35968460508263,0.00128509223395392,0.0303964072597185,0.0276351381211565,"CCNB1/CDK1/CHEK1/ATAD5/CDC25C/WEE1",6
"GO:0071214","cellular response to abiotic stimulus","27/802","381/21338",0.0708661417322835,1.88546350658786,3.44639088485255,0.00129164929626385,0.0303964072597185,0.0276351381211565,"TP53INP1/SCNN1A/EFHD1/AURKB/PALM/BMF/PCNA/CHEK1/RAD51AP1/GPR68/TRPV4/BLM/EEF1D/PBK/STK39/ADSS1/SMPD1/NFATC4/FGF2/IRF1/IL1B/GUCY2D/CDKN1A/BRCA2/BARD1/COL1A1/SCNN1D",27
"GO:0104004","cellular response to environmental stimulus","27/802","381/21338",0.0708661417322835,1.88546350658786,3.44639088485255,0.00129164929626385,0.0303964072597185,0.0276351381211565,"TP53INP1/SCNN1A/EFHD1/AURKB/PALM/BMF/PCNA/CHEK1/RAD51AP1/GPR68/TRPV4/BLM/EEF1D/PBK/STK39/ADSS1/SMPD1/NFATC4/FGF2/IRF1/IL1B/GUCY2D/CDKN1A/BRCA2/BARD1/COL1A1/SCNN1D",27
"GO:1990830","cellular response to leukemia inhibitory factor","12/802","116/21338",0.103448275862069,2.7523432797317,3.73982225609132,0.00140784248269083,0.0329752401227443,0.0299797047586596,"MYBL2/LAPTM5/HELLS/GFPT2/INA/MRAS/ICAM1/EFHC2/SYNGR1/MSC/DTX1/PADI2",12
"GO:0050792","regulation of viral process","16/802","182/21338",0.0879120879120879,2.33898769559617,3.58501878696332,0.00145008219430125,0.0338058881652753,0.0307348951069556,"IFITM1/OAS1/MX1/IFIT1/OAS2/TOP2A/HMGB1/KPNA2/SLPI/ISG15/SMPD1/IFIH1/OASL/TRIM15/RSAD2/CCL5",16
"GO:0043568","positive regulation of insulin-like growth factor receptor signaling pathway","4/802","14/21338",0.285714285714286,7.60171001068757,4.88294754889811,0.00146624894223635,0.0338662776519311,0.030789798694427,"IGFBP4/IGFBP5/PHIP/IGFBP3",4
"GO:1903490","positive regulation of mitotic cytokinesis","4/802","14/21338",0.285714285714286,7.60171001068757,4.88294754889811,0.00146624894223635,0.0338662776519311,0.030789798694427,"AURKB/KIF20B/CDCA8/BIRC5",4
"GO:0048872","homeostasis of number of cells","29/802","424/21338",0.0683962264150943,1.81974897661507,3.36931173469523,0.0014993050586738,0.034470197869694,0.0313388576173923,"TSC22D3/HCAR2/IL20RB/MB/HMGB2/NCAPG2/INPP5D/EZH2/TRIM10/HMGB1/CCNB2/STAT5A/RACGAP1/ISG15/JAK3/SEPTIN4/DIAPH3/MAFB/ADGRG1/HMOX1/RPS17/MPIG6B/SPNS2/INHA/SMO/ODAD3/AIM2/CSF1/YPEL4",29
"GO:0000079","regulation of cyclin-dependent protein serine/threonine kinase activity","6/802","34/21338",0.176470588235294,4.69517383013056,4.26127625656239,0.0015115112217804,0.0345914196580845,0.0314490673812253,"CDK5R2/CDKN3/PKMYT1/BLM/CCNE2/CDC25C",6
"GO:0017158","regulation of calcium ion-dependent exocytosis","7/802","46/21338",0.152173913043478,4.04873685351838,4.09059574821665,0.00153806069184098,0.0350382867196102,0.0318553401641085,"SYT7/BAIAP3/CDK5R2/SYT12/ZP3/SYT17/SYT3",7
"GO:1990823","response to leukemia inhibitory factor","12/802","118/21338",0.101694915254237,2.70569339363456,3.67168331668117,0.00163169118432197,0.0369510916620553,0.0335943821611326,"MYBL2/LAPTM5/HELLS/GFPT2/INA/MRAS/ICAM1/EFHC2/SYNGR1/MSC/DTX1/PADI2",12
"GO:0048477","oogenesis","13/802","134/21338",0.0970149253731343,2.58117765288272,3.62844132082641,0.00163683929791826,0.0369510916620553,0.0335943821611326,"INHBB/ASPM/CCNB1/TRIP13/AURKA/MDK/PAQR5/WNT4/ANG/REC8/BRCA2/ZP3/TDRD7",13
"GO:0048638","regulation of developmental growth","25/802","350/21338",0.0714285714285714,1.90042750267189,3.35655046396294,0.0017222122818547,0.0387032300638429,0.0351873528805686,"DUSP10/CCNB1/GDF15/CDK1/SOCS2/RIMS2/STAT5A/FGF2/TLL2/PRKN/CDKN1A/SMO/SPTBN4/DSCAM/RND2/ZP3/SYT17/DLL1/MAPT/CRABP2/SYT3/CSF1/PLAC8/SEMA3G/NKX2-5",25
"GO:0022616","DNA strand elongation","7/802","47/21338",0.148936170212766,3.96259351620948,4.01808298498049,0.00174957102383874,0.039141748152159,0.0355860351273124,"LIG1/POLA1/PCNA/RFC3/DNA2/MCM4/MCM7",7
"GO:0070192","chromosome organization involved in meiotic cell cycle","10/802","89/21338",0.112359550561798,2.98943652105691,3.71665095047755,0.00185483889366155,0.0413115680378458,0.0375587443270094,"SMC4/TRIP13/NCAPH/NCAPH2/NCAPD2/CCNE2/SMC2/PSMC3IP/REC8/BRIP1",10
"GO:0001325","formation of extrachromosomal circular DNA","4/802","15/21338",0.266666666666667,7.0949293433084,4.66644429993508,0.00194036865062745,0.0413696546922237,0.0376115542759949,"BLM/RTEL1/DNA2/XRCC3",4
"GO:0001833","inner cell mass cell proliferation","4/802","15/21338",0.266666666666667,7.0949293433084,4.66644429993508,0.00194036865062745,0.0413696546922237,0.0376115542759949,"NCAPG2/CHEK1/GINS4/BRCA2",4
"GO:0006068","ethanol catabolic process","4/802","15/21338",0.266666666666667,7.0949293433084,4.66644429993508,0.00194036865062745,0.0413696546922237,0.0376115542759949,"ALDH3B1/ALDH3B2/ACSS2/SULT1A1",4
"GO:0007100","mitotic centrosome separation","4/802","15/21338",0.266666666666667,7.0949293433084,4.66644429993508,0.00194036865062745,0.0413696546922237,0.0376115542759949,"KIF11/CHEK1/AURKA/NEK2",4
"GO:0007144","female meiosis I","4/802","15/21338",0.266666666666667,7.0949293433084,4.66644429993508,0.00194036865062745,0.0413696546922237,0.0376115542759949,"NDC80/TRIP13/AURKA/CCNB2",4
"GO:0010466","negative regulation of peptidase activity","4/802","15/21338",0.266666666666667,7.0949293433084,4.66644429993508,0.00194036865062745,0.0413696546922237,0.0376115542759949,"SERPINB3/SERPINB1/SERPINB9/SERPINB4",4
"GO:0051081","nuclear membrane disassembly","4/802","15/21338",0.266666666666667,7.0949293433084,4.66644429993508,0.00194036865062745,0.0413696546922237,0.0376115542759949,"PLK1/CDK1/CHEK1/WEE1",4
"GO:0090656","t-circle formation","4/802","15/21338",0.266666666666667,7.0949293433084,4.66644429993508,0.00194036865062745,0.0413696546922237,0.0376115542759949,"BLM/RTEL1/DNA2/XRCC3",4
"GO:0090737","telomere maintenance via telomere trimming","4/802","15/21338",0.266666666666667,7.0949293433084,4.66644429993508,0.00194036865062745,0.0413696546922237,0.0376115542759949,"BLM/RTEL1/DNA2/XRCC3",4
"GO:1904666","regulation of ubiquitin protein ligase activity","4/802","15/21338",0.266666666666667,7.0949293433084,4.66644429993508,0.00194036865062745,0.0413696546922237,0.0376115542759949,"CDC20/PLK1/UBE2C/MAD2L1",4
"GO:0007095","mitotic G2 DNA damage checkpoint signaling","7/802","48/21338",0.145833333333333,3.88003948462178,3.94754568454261,0.00198298058420196,0.042098255891845,0.0382739679163549,"PLK1/TICRR/CDK1/CHEK1/BLM/CLSPN/CDKN1A",7
"GO:0097306","cellular response to alcohol","12/802","121/21338",0.0991735537190083,2.63861008635436,3.57208887430572,0.00202171217459681,0.0427386527078962,0.0388561898320146,"INHBB/TP53INP1/SCNN1A/P2RY6/BLM/KLF9/GPR155/SMO/SCNN1D/SLC5A5/AKR1C3/PTGER2",12
"GO:0050767","regulation of neurogenesis","28/802","413/21338",0.0677966101694915,1.80379559575637,3.25974666472471,0.00203624991059236,0.0428643493837353,0.0389704679757604,"TGM2/DUSP10/HMGB2/ASPM/MYRF/XRCC2/HAP1/EZH2/NEURL1/CAMK2B/HES2/MDK/NFATC4/FGF2/IL1B/WDR62/HES1/EFNB3/SMO/MAP6/HEYL/MAPRE3/DSCAM/RND2/DLL1/MAPT/CRABP2/SEMA3G",28
"GO:0032479","regulation of type I interferon production","15/802","171/21338",0.087719298245614,2.3338583366146,3.46078040153601,0.00205626779158197,0.0429235146954078,0.0390242585947004,"OAS1/HMGB2/OAS2/POLA1/POLR3G/HMGB1/KPNA2/ISG15/CD14/IRF5/RIGI/IFIH1/IRF1/TRIM15/XAF1",15
"GO:0032606","type I interferon production","15/802","171/21338",0.087719298245614,2.3338583366146,3.46078040153601,0.00205626779158197,0.0429235146954078,0.0390242585947004,"OAS1/HMGB2/OAS2/POLA1/POLR3G/HMGB1/KPNA2/ISG15/CD14/IRF5/RIGI/IFIH1/IRF1/TRIM15/XAF1",15
"GO:0040037","negative regulation of fibroblast growth factor receptor signaling pathway","5/802","25/21338",0.2,5.3211970074813,4.27216200690653,0.00210343127781306,0.0437250776875389,0.0397530060355108,"CREB3L1/NGFR/FGF2/WNT4/APLN",5
"GO:0072698","protein localization to microtubule cytoskeleton","8/802","62/21338",0.129032258064516,3.43303032740729,3.79135377904235,0.00216088110471075,0.0447329287610038,0.0406693019445233,"PLK1/FAM83D/KIF20B/AURKA/SPAG5/TTK/STIL/MAPRE3",8
"GO:0001701","in utero embryonic development","31/802","475/21338",0.0652631578947368,1.73639060244127,3.20746996467343,0.00218410694719179,0.045026899006363,0.0409365673573268,"RRM2/HEG1/RRP7A/ASF1B/CCNB1/MAF/JUNB/MBNL1/XRCC2/NCAPG2/VASH1/CHEK1/MSH2/SRSF1/CCNB2/NEK2/CEBPA/DIAPH3/MAFB/STIL/ELF3/GINS4/E2F8/PLK4/HES1/E2F7/CDKN1A/SMO/BRCA2/ZP3/HSD17B2",31
"GO:0030010","establishment of cell polarity","15/802","173/21338",0.0867052023121387,2.30687731538206,3.41070901944893,0.00230280741533822,0.0472786263173761,0.042983743351494,"SAPCD2/SPDL1/PLK1/NDC80/KIF20B/MAD2L1/SPAG5/DIAPH3/SKA1/CENPA/HES1/SKA3/RHOV/GPSM1/WEE1",15
